"Algeria","Argentina","Australia","Austria","Bahamas","Bangladesh","Belarus","Belgium","Bolivia","Botswana","Brazil","Brunei Darussalam","Bulgaria","Burkina Faso","Canada","Chile","China","Colombia","Costa Rica","Cuba","Cyprus","Denmark","Ecuador","Egypt","Ethiopia","Finland","France","Ghana","Greece","Guyana","Hungary","Iceland","India","Indonesia","Ireland","Israel","Italy","Jamaica","Japan","Jordan","Kenya","Kuwait","Libya","Luxembourg","Malaysia","Mali","Malta","Mexico","Nepal","Netherlands","New Zealand","Nigeria","Norway","Pakistan","Panama","Paraguay","Peru","Philippines","Poland","Portugal","Russian Federation","Singapore","Spain","Sri Lanka","Sudan","Sweden","Syrian Arab Republic","Tanzania","Thailand","Togo","Trinidad and Tobago","UK","Ukraine","Uruguay","USA","Venezuela","Zambia"
"2491",2,1,1,1,1,1,3,1,1,1,1,NA,3,2,1,1,1,1,1,3,NA,1,1,1,3,2,1,2,1,3,3,1,2,1,1,1,1,1,1,NA,1,1,3,1,1,1,1,2,1,1,1,1,1,1,2,1,1,1,3,1,3,1,1,1,1,1,3,2,1,1,2,1,3,1,1,1,1
"2492",1,1,2,1,1,1,1,2,1,1,1,NA,1,1,2,1,1,1,1,1,1,1,1,1,1,1,1,1,1,1,1,1,1,1,1,3,1,3,2,1,NA,1,1,2,1,1,1,1,1,1,2,1,1,1,1,2,1,2,1,1,1,1,1,1,2,1,1,1,1,2,1,2,1,1,3,1,1
"2497",2,1,1,1,1,1,3,1,1,1,1,NA,3,2,1,1,1,1,1,3,2,1,1,1,3,2,1,1,1,1,3,1,2,1,1,1,1,1,1,1,1,1,3,1,1,2,1,1,1,1,1,1,1,1,1,1,1,1,3,1,3,1,1,1,1,1,3,1,1,1,1,1,3,1,1,1,1
"2504",1,1,3,2,1,1,1,3,1,1,1,NA,1,1,3,NA,1,1,1,1,1,2,1,1,1,2,3,1,2,1,1,3,1,1,2,NA,3,1,3,1,1,1,1,3,1,1,1,1,1,3,3,1,3,1,1,3,1,1,1,3,1,1,2,1,1,2,1,1,1,1,1,3,1,1,3,1,1
"2510",1,1,3,2,1,1,1,2,1,1,1,NA,1,1,3,1,1,1,NA,1,1,2,1,1,1,2,3,1,2,1,1,2,1,1,2,NA,3,1,2,1,1,1,1,2,1,1,1,1,1,2,2,1,2,1,1,3,1,1,1,3,1,1,2,1,1,2,1,1,1,1,1,3,1,1,3,1,1
"2526",1,2,3,2,2,1,1,3,2,1,2,NA,1,1,3,3,1,2,3,1,1,3,2,1,1,3,3,1,1,1,1,3,1,1,3,3,3,2,3,1,1,1,1,3,1,1,1,2,2,3,3,1,3,1,NA,3,2,2,1,3,1,2,2,1,1,3,1,1,2,NA,2,3,1,2,3,2,1
"2563",2,2,1,1,1,1,3,1,1,1,2,NA,3,2,1,2,1,1,1,3,2,1,1,1,3,2,1,1,1,1,3,1,3,1,1,1,1,1,1,2,1,2,3,1,1,1,1,2,1,1,1,1,1,1,2,1,1,1,3,1,3,1,1,2,1,1,3,2,1,1,1,1,3,1,1,2,1
"2610",1,NA,1,1,2,3,1,1,NA,1,3,NA,1,1,1,3,2,2,2,1,1,1,2,2,1,1,1,1,1,1,1,1,1,3,1,NA,1,1,2,2,1,1,1,1,2,1,1,1,2,1,1,1,1,3,2,3,2,3,1,1,1,2,1,2,2,1,1,1,2,1,2,2,1,3,3,NA,1
"2641",2,1,1,1,1,1,3,1,1,1,1,1,3,1,1,1,1,1,1,3,NA,1,1,1,3,2,1,1,1,3,3,1,2,1,1,1,1,1,1,1,1,1,3,1,1,1,1,2,1,1,1,1,1,1,2,1,1,1,3,1,3,1,1,1,1,1,3,2,1,1,2,1,3,1,1,1,1
"2645",2,1,1,1,1,1,3,1,1,1,1,1,3,2,1,1,1,1,1,3,2,1,1,1,3,2,1,1,1,1,3,1,2,1,1,1,1,1,1,1,1,1,3,1,1,2,1,1,1,1,1,1,1,1,1,1,1,1,3,1,3,1,1,1,1,1,3,1,1,1,1,1,3,1,1,1,1
"2667",1,1,3,2,2,1,1,3,1,1,1,1,1,1,3,2,1,1,NA,1,1,3,1,1,1,2,3,1,1,1,1,3,1,1,3,3,3,2,2,1,1,1,1,3,1,1,1,1,1,3,3,1,3,1,2,2,1,1,1,2,1,1,2,1,1,2,1,1,1,1,1,3,1,2,3,2,1
"2668",1,2,3,2,2,1,1,3,2,1,2,1,1,1,3,NA,1,2,NA,1,1,3,2,2,1,3,3,1,1,1,1,3,1,1,3,3,3,2,3,1,1,1,1,3,1,1,1,1,1,3,3,1,3,1,2,2,2,2,1,3,1,2,2,1,1,3,1,1,2,1,2,3,1,2,3,2,1
"2689",2,1,1,1,2,1,3,1,1,1,1,1,3,2,1,1,1,1,1,3,2,1,1,1,2,1,1,1,1,1,3,1,2,1,1,1,1,1,1,1,1,1,3,1,1,1,1,2,1,1,1,1,1,1,1,1,1,1,3,1,3,1,1,1,1,1,NA,1,1,1,1,1,3,1,1,1,1
"2758",1,1,1,1,2,3,1,1,NA,1,2,2,1,1,1,3,2,1,1,1,1,1,2,1,1,1,1,1,1,1,1,1,1,3,1,NA,1,1,2,2,1,1,1,1,2,1,1,1,2,1,1,1,1,2,1,3,2,2,1,1,1,2,1,2,2,1,1,1,2,1,2,2,1,3,3,1,1
"2774",1,1,2,1,1,1,1,3,1,1,1,1,1,1,2,NA,1,1,1,1,1,2,1,1,1,2,2,1,1,1,1,2,1,1,2,2,1,1,2,1,1,1,1,3,1,1,1,1,1,3,2,1,2,1,1,1,1,1,1,2,1,1,2,1,1,2,1,1,1,1,1,3,1,NA,3,1,1
"2790",1,1,2,2,NA,1,1,3,1,1,1,1,1,1,3,NA,1,1,1,1,1,2,1,1,1,2,3,1,2,1,1,2,1,1,2,2,3,1,3,1,1,1,1,3,1,1,1,1,1,3,2,1,2,1,1,NA,1,1,1,2,1,1,2,1,1,2,1,1,1,1,1,3,1,1,3,1,1
"2793",2,1,1,1,1,1,3,1,1,1,1,1,3,1,1,1,1,1,1,3,NA,1,1,1,3,2,1,1,1,2,3,1,2,1,1,1,1,1,1,1,1,1,3,1,1,1,1,2,1,1,1,1,1,1,1,1,1,1,3,1,3,1,1,1,1,1,3,2,1,1,1,1,3,1,1,1,1
"2795",2,1,1,1,1,1,3,1,1,1,1,1,3,1,1,1,1,1,1,3,2,1,1,1,3,2,1,1,1,1,3,1,2,1,1,1,1,1,1,1,1,1,3,1,1,2,1,1,1,1,1,1,1,1,1,1,1,1,3,1,3,1,1,1,1,1,3,1,1,1,1,1,3,1,1,1,1
"2839",2,1,1,1,1,1,3,1,1,1,1,1,3,1,1,1,1,1,NA,3,2,1,1,1,2,1,1,1,1,1,3,1,2,1,1,1,1,1,1,2,1,NA,3,1,1,1,1,2,1,1,1,1,1,1,1,1,1,1,3,1,3,1,1,1,1,1,3,1,1,1,1,1,3,1,1,1,1
"2855",1,1,2,2,1,1,1,2,1,1,1,1,1,1,2,1,1,1,1,1,1,2,1,1,1,2,2,1,2,1,1,2,1,1,2,2,2,1,2,1,1,1,1,2,1,1,1,1,1,2,2,1,2,1,1,NA,1,1,1,2,1,1,2,1,1,2,1,1,1,1,1,2,1,1,2,1,1
"2865",2,1,1,1,2,1,3,1,NA,1,1,1,3,2,1,1,1,1,1,3,2,1,2,1,3,2,1,2,1,NA,3,1,3,NA,1,1,1,1,1,1,1,2,3,1,1,2,2,1,2,1,1,2,1,1,1,1,1,1,3,1,3,1,1,2,1,1,3,2,1,1,2,1,3,1,1,1,2
"2868",3,1,1,1,2,3,NA,1,NA,1,2,3,NA,2,1,1,NA,1,1,3,2,1,2,2,2,1,1,2,1,NA,NA,1,2,3,1,1,1,1,2,1,1,3,3,1,3,2,2,1,2,1,1,2,1,3,1,1,1,2,3,1,1,2,1,2,3,1,3,3,2,1,2,1,1,NA,1,1,2
"2915",1,1,3,2,2,1,1,3,1,1,1,1,1,1,3,2,1,2,3,1,1,3,1,1,1,2,3,1,1,1,1,3,1,1,3,3,3,2,2,1,1,1,1,3,1,1,1,1,1,3,3,1,3,1,2,2,1,1,1,3,1,1,2,1,1,2,1,1,1,1,1,3,1,2,3,1,1
"2924",1,1,1,1,1,2,1,2,1,1,1,2,1,1,2,2,1,1,1,1,1,1,2,2,1,1,1,1,1,1,1,1,1,1,2,3,2,2,2,2,1,2,1,2,1,1,1,1,2,2,1,1,1,2,1,2,1,2,1,2,1,2,1,1,NA,1,1,1,2,2,1,2,1,1,3,1,1
"2938",1,1,1,1,1,1,3,2,1,1,1,1,3,1,1,1,1,1,1,1,1,1,1,1,1,1,2,1,1,1,3,1,1,1,1,3,2,1,2,1,1,1,NA,2,1,1,1,1,1,2,1,1,1,1,1,1,1,1,3,2,3,1,2,1,1,1,1,1,1,1,1,2,3,1,3,1,1
"2948",NA,1,1,1,1,1,3,1,1,1,1,1,3,1,1,1,1,1,1,3,NA,1,1,1,3,2,1,1,1,2,3,1,2,1,1,1,1,1,1,1,1,1,3,1,1,1,1,2,1,1,1,1,1,1,1,1,1,1,3,1,3,1,1,1,1,1,3,2,1,1,1,1,3,1,1,1,1
"2957",1,1,1,1,2,1,1,2,1,1,1,2,1,1,1,NA,1,1,2,1,1,1,1,2,1,1,2,1,1,1,1,1,1,1,1,3,2,2,2,2,1,1,1,2,2,1,1,1,1,1,1,1,1,1,1,2,1,1,1,2,1,NA,1,2,1,1,1,1,NA,2,1,2,1,1,3,1,1
"2958",2,1,1,1,1,1,3,1,1,1,1,1,3,3,1,1,1,1,1,3,2,1,1,1,3,2,1,1,1,1,3,1,2,1,1,1,1,1,1,1,1,1,3,1,1,2,1,1,1,1,1,1,1,1,1,1,1,1,3,1,3,1,1,1,1,1,3,1,1,1,1,1,3,1,1,1,1
"2967",1,1,3,2,2,1,1,3,NA,1,2,1,1,1,3,3,1,2,3,1,1,3,2,2,1,2,3,1,2,1,1,3,1,1,2,3,3,2,3,1,1,1,1,3,1,NA,1,2,1,3,3,1,3,1,2,2,1,2,1,3,1,NA,3,1,1,2,1,1,NA,2,1,3,1,2,3,2,1
"2968",1,1,2,2,1,1,1,2,1,1,1,1,1,1,2,NA,1,1,1,1,1,2,1,1,1,2,2,1,2,1,1,2,1,1,2,2,2,1,2,1,1,1,1,2,1,1,1,1,1,2,2,1,2,1,1,2,1,1,1,2,1,1,2,1,1,2,1,1,1,1,1,2,1,1,2,1,1
"2996",2,2,1,1,1,1,1,1,1,1,2,1,1,2,1,1,1,1,1,2,1,1,1,1,2,1,1,1,1,1,1,1,2,1,1,1,1,1,1,1,1,1,2,1,1,1,1,1,1,1,1,1,1,1,1,1,1,1,1,1,1,1,1,1,1,1,1,1,1,1,1,1,1,1,1,1,1
"3075",3,1,1,1,2,1,3,1,2,1,1,1,3,3,1,NA,1,1,1,3,2,1,2,1,3,2,1,1,1,2,3,1,3,NA,1,1,1,1,1,1,1,2,3,1,1,2,2,1,2,1,1,2,1,1,1,1,1,1,3,1,3,1,1,2,1,1,3,2,1,1,2,1,3,1,1,1,2
"3078",1,1,3,2,2,1,1,3,1,1,1,1,1,1,3,2,1,2,3,1,1,3,1,1,1,2,3,1,1,1,1,3,1,1,3,3,3,2,2,1,1,1,1,3,1,1,1,1,1,3,3,1,3,1,2,2,1,1,1,3,1,1,2,1,1,2,1,1,1,1,1,3,1,2,3,1,1
"3098",1,1,3,2,1,1,3,2,1,1,1,1,3,1,1,1,1,1,1,1,1,1,1,1,1,1,2,1,1,1,3,1,1,1,1,3,2,1,2,1,1,1,NA,2,1,1,1,1,1,2,1,NA,1,1,1,1,1,1,3,2,3,1,2,1,1,1,1,1,1,1,1,3,3,1,3,1,1
"3099",1,1,1,1,1,1,3,1,1,1,1,1,3,1,1,1,1,1,1,1,1,1,1,1,1,1,1,1,1,1,3,1,1,1,1,3,1,1,1,1,1,1,NA,1,1,1,1,1,1,1,1,NA,1,1,1,1,1,1,3,1,3,1,1,1,1,1,1,1,1,1,1,2,3,1,3,1,1
"3102",2,1,1,1,1,1,3,1,1,1,1,1,3,2,1,1,1,1,1,3,NA,1,1,1,3,2,1,1,1,2,3,1,2,1,1,1,1,1,1,1,1,1,3,1,1,1,1,2,1,1,1,1,1,1,1,1,1,1,3,1,3,1,1,1,1,1,3,2,1,1,1,1,3,1,1,1,1
"3110",2,1,1,1,1,1,3,1,1,1,1,1,3,2,1,1,1,1,1,3,2,1,1,1,3,2,1,1,1,1,3,1,2,1,1,1,1,1,1,1,1,1,3,1,1,2,1,1,1,1,1,1,1,1,1,1,1,1,3,1,3,1,1,1,1,1,3,1,1,1,1,1,3,1,1,1,1
"3118",1,1,2,2,1,1,1,3,1,NA,1,1,1,1,3,NA,1,1,1,1,1,2,1,1,1,2,3,1,2,1,1,2,1,1,2,3,3,1,2,1,1,1,1,3,1,1,2,1,1,3,2,1,2,1,1,NA,1,1,1,3,1,1,2,1,1,2,1,1,1,1,1,3,1,1,3,1,1
"3189",1,2,2,1,2,1,1,3,1,1,1,2,1,1,2,2,2,1,3,1,1,2,2,2,1,1,3,2,2,1,1,2,1,1,2,3,2,2,3,1,2,1,1,3,1,1,2,1,1,3,2,1,2,2,1,2,1,2,1,3,1,2,2,1,1,2,1,1,1,1,2,3,1,1,3,1,1
"3199",3,1,1,1,1,1,3,1,2,1,1,1,3,2,1,1,1,1,1,3,2,1,2,1,3,2,1,2,1,2,3,1,3,NA,1,1,1,1,1,1,1,2,3,1,1,2,1,1,2,1,1,2,1,1,1,1,1,1,3,1,3,1,1,2,1,1,3,2,1,1,2,1,3,1,1,1,2
"3200",3,2,1,1,1,2,NA,1,2,1,2,3,2,2,1,NA,NA,1,1,3,2,1,2,2,NA,1,1,2,1,2,NA,1,2,3,1,1,1,1,2,1,1,3,3,1,2,2,1,1,2,1,1,2,1,3,1,1,1,1,NA,1,NA,2,1,3,3,1,3,3,2,1,2,1,NA,NA,1,1,2
"3225",1,1,1,1,1,2,1,2,1,1,1,2,1,1,2,2,1,1,2,1,1,1,2,2,1,1,2,1,1,1,1,1,1,1,1,3,2,2,2,2,1,1,1,2,1,1,1,1,2,2,1,1,1,1,1,2,1,1,1,2,1,2,1,2,NA,1,1,1,NA,2,1,2,1,1,3,1,1
"3237",1,1,3,2,2,1,1,3,1,1,1,1,1,1,3,2,1,2,3,1,1,3,1,1,1,2,3,1,1,1,1,3,1,1,3,3,3,2,2,1,NA,1,1,3,1,NA,2,1,1,3,3,1,3,1,2,1,1,1,1,3,1,1,2,1,1,2,1,1,1,2,1,3,1,2,3,1,1
"3243",1,1,2,1,1,1,1,1,1,1,1,1,1,1,1,1,1,1,1,1,1,1,1,1,1,1,1,1,1,1,1,1,1,1,1,3,1,1,2,1,1,1,1,1,1,1,1,1,1,1,1,1,1,1,1,1,1,1,1,1,1,1,1,1,1,1,1,1,1,1,1,1,1,1,2,1,1
"3249",1,1,1,1,1,NA,1,2,1,1,1,2,1,1,1,NA,1,1,2,1,1,1,1,2,1,1,2,1,1,NA,1,1,1,1,1,3,2,2,2,2,1,1,1,2,2,1,2,1,1,2,1,1,1,1,1,NA,1,1,1,2,1,NA,1,2,1,1,1,1,NA,2,1,2,1,1,3,1,1
"3254",2,1,1,1,1,1,3,1,1,1,1,1,3,1,1,1,1,1,1,3,1,1,1,1,3,1,1,1,1,2,3,1,2,1,1,1,1,1,1,1,1,1,2,1,1,1,1,1,1,1,1,1,1,1,1,1,1,1,3,1,3,1,1,1,1,1,3,2,1,1,1,1,3,1,1,1,1
"3347",1,1,1,1,1,1,1,2,NA,1,1,2,1,1,1,2,2,1,1,1,1,2,1,1,1,1,2,1,2,1,1,2,1,1,2,3,2,1,3,1,2,1,1,2,1,1,NA,1,1,2,1,1,1,2,1,2,1,2,1,2,1,1,2,1,1,1,1,1,NA,1,1,2,1,2,3,1,1
"3357",3,NA,1,1,1,3,NA,1,NA,1,2,3,NA,2,1,NA,NA,1,1,3,2,1,1,2,3,1,1,2,1,2,NA,1,2,3,1,1,1,1,1,1,2,3,3,1,3,2,1,1,2,1,1,2,1,3,1,1,1,1,NA,1,NA,NA,1,3,3,1,3,3,2,1,1,1,NA,NA,1,1,2
"3372",1,1,2,2,2,1,1,2,1,1,1,1,1,1,2,NA,1,1,2,1,1,2,1,1,1,2,2,1,2,1,1,NA,1,1,2,3,2,NA,2,1,1,1,1,2,1,1,1,1,2,2,2,1,2,1,1,NA,1,1,1,2,1,1,2,1,1,2,1,1,1,1,2,2,1,NA,3,2,1
"3379",1,1,1,1,NA,1,1,1,1,1,1,1,1,1,1,1,1,1,1,1,1,1,1,1,1,1,1,1,1,1,1,1,1,1,1,NA,1,1,2,1,1,1,1,1,1,1,1,1,1,1,1,1,1,1,1,1,1,1,1,1,1,1,1,1,1,1,1,1,1,1,1,1,1,1,3,1,1
"3391",2,1,1,1,1,1,3,1,1,1,1,1,3,1,1,1,1,1,1,3,1,1,1,1,3,2,1,1,1,1,NA,1,2,1,1,1,1,1,1,1,1,1,1,1,1,1,1,1,1,1,1,1,1,1,1,1,1,1,3,1,3,1,1,1,1,2,3,2,1,1,1,1,3,1,1,1,1
"3407",1,1,3,2,2,1,1,3,1,1,1,1,1,1,3,2,1,1,2,1,1,3,1,1,1,2,3,1,1,1,1,3,1,1,3,3,3,2,2,1,2,1,1,3,1,1,2,1,1,3,3,1,3,1,2,2,1,1,1,3,1,1,2,1,1,2,1,1,1,1,1,3,1,2,3,1,1
"3408",1,2,3,2,2,1,1,3,2,1,2,1,1,1,3,NA,1,2,2,1,1,3,2,2,2,3,3,1,1,1,2,3,1,1,3,3,3,2,3,1,3,1,1,3,1,1,2,1,2,3,3,1,3,1,2,2,2,2,1,3,1,2,2,1,1,3,1,1,2,2,2,3,1,2,3,2,1
"3414",1,1,1,1,1,NA,1,2,1,1,1,2,1,1,1,NA,1,1,2,1,1,1,1,2,1,1,2,1,1,1,1,1,1,1,1,3,2,2,2,2,1,1,1,2,2,1,2,1,1,2,1,1,1,1,1,NA,1,1,1,2,1,NA,1,2,2,1,1,1,NA,2,1,2,1,1,3,1,1
"3415",1,1,1,1,1,1,1,1,1,1,1,1,NA,1,1,1,1,1,1,1,1,1,1,1,1,1,NA,NA,1,1,1,1,1,1,1,2,1,1,1,1,1,1,1,1,1,1,1,1,1,1,1,NA,1,1,1,1,1,1,1,1,1,1,1,1,NA,1,1,NA,1,1,1,1,1,1,1,1,1
"3431",1,1,2,1,1,1,1,2,1,1,1,1,1,1,2,1,1,1,1,1,1,2,1,1,1,2,2,1,2,1,1,2,1,1,2,3,2,1,2,1,1,1,1,2,1,1,2,1,1,2,2,1,2,1,1,1,1,1,1,2,1,1,2,1,1,1,1,1,1,1,1,2,1,1,3,1,1
"3444",1,1,1,1,1,1,1,2,1,1,1,1,1,1,2,1,2,1,1,1,1,1,1,1,1,1,3,1,1,1,1,2,1,1,1,2,2,1,2,1,1,1,1,2,1,1,1,1,1,2,1,1,1,1,1,1,1,1,1,2,1,1,2,1,1,1,1,1,1,1,1,3,1,1,3,1,1
"3445",1,1,2,2,1,1,1,2,1,1,1,1,1,1,2,1,NA,1,1,1,1,2,1,1,1,2,NA,1,2,1,1,2,1,1,2,2,2,1,2,1,1,1,1,2,1,1,2,1,1,2,2,1,2,1,1,1,1,1,1,2,1,1,2,1,1,2,1,1,1,1,1,3,1,1,3,1,1
"3450",1,1,1,1,1,1,1,1,1,1,1,1,1,1,1,1,1,1,1,1,1,1,1,1,1,1,1,1,1,1,1,1,1,1,1,1,1,1,1,1,1,1,1,1,1,1,1,1,1,1,1,1,1,1,1,1,1,1,1,1,1,1,1,1,1,1,1,1,1,1,1,1,1,1,3,1,1
"3469",1,1,1,1,1,1,1,3,1,1,1,1,1,1,3,1,2,1,2,1,1,1,1,1,1,1,3,1,1,1,1,2,1,1,1,3,3,1,3,1,1,1,1,3,1,1,1,1,1,3,1,1,1,1,1,1,1,1,1,3,1,1,2,1,1,1,1,1,1,1,1,3,1,1,3,1,1
"3478",1,1,1,1,1,1,1,2,1,1,1,1,1,1,2,1,1,1,1,1,1,2,1,1,1,1,3,1,2,1,1,2,1,1,1,2,2,1,3,1,1,1,1,2,1,1,1,1,1,2,1,1,2,1,1,1,1,1,1,2,1,1,2,1,1,1,1,1,1,1,1,3,1,1,3,1,1
"3488",1,1,1,1,1,1,1,1,1,1,1,1,1,1,1,1,1,1,1,1,1,1,1,1,1,1,1,1,1,1,1,1,1,1,1,3,1,1,2,1,1,1,1,1,1,1,1,1,1,1,1,1,1,1,1,1,1,1,1,1,1,1,1,1,1,1,1,1,1,1,1,1,1,1,3,1,1
"3496",1,1,1,1,1,NA,1,2,1,1,1,2,1,1,2,2,1,1,2,1,1,1,NA,2,1,1,2,1,2,1,1,1,1,1,1,3,2,2,2,2,1,1,1,2,1,1,2,1,1,2,1,1,1,1,NA,NA,1,1,NA,2,1,2,2,2,1,1,1,1,NA,2,2,2,1,1,3,1,1
"3500",1,1,3,1,NA,NA,1,3,1,1,1,2,1,1,3,1,1,1,2,1,1,3,1,2,1,1,3,1,2,1,1,2,1,1,2,3,3,1,3,1,2,1,1,3,1,1,2,1,1,3,3,NA,3,1,3,1,1,2,2,3,1,2,1,1,1,1,1,1,2,2,1,3,1,1,3,1,1
"3517",1,2,1,1,1,1,1,1,1,1,2,1,1,1,1,1,2,1,1,1,1,1,1,1,1,1,3,1,1,1,1,1,2,1,1,2,1,1,1,1,1,1,1,1,1,1,1,1,1,1,1,1,1,1,NA,1,1,1,1,1,1,1,1,1,1,1,1,1,1,1,1,2,1,1,3,1,NA
"3525",2,2,1,1,1,2,1,1,1,1,2,1,1,2,1,2,1,2,1,2,1,1,2,2,2,1,1,2,1,2,1,1,2,2,1,1,1,2,1,2,2,NA,1,1,2,1,1,2,1,1,1,2,1,2,NA,1,2,2,1,1,1,1,1,1,2,1,2,2,1,1,1,1,1,1,1,1,2
"3544",1,1,1,1,1,1,1,1,1,1,1,1,1,1,1,1,1,1,1,1,1,3,1,1,1,1,1,1,1,1,1,1,1,1,1,2,1,1,1,1,1,1,1,1,1,1,1,1,1,1,1,1,1,1,NA,1,1,1,1,1,1,1,1,1,1,1,1,1,1,1,1,1,1,1,1,1,1
"3565",1,1,3,2,2,1,1,3,1,1,1,1,2,1,3,1,1,1,3,1,1,3,1,1,1,2,3,1,2,1,2,3,1,1,3,3,3,2,2,1,1,1,1,3,1,1,2,1,1,3,3,1,3,1,NA,2,1,1,3,3,1,2,2,1,1,2,1,1,1,1,1,3,1,2,3,1,1
"3566",1,2,3,2,2,1,1,3,1,1,2,1,2,1,3,2,1,2,2,1,1,3,2,2,2,3,3,1,1,1,3,3,1,1,3,3,3,2,3,1,1,1,1,3,1,1,2,1,2,3,3,1,3,1,NA,2,2,1,3,3,1,1,2,1,1,3,1,1,2,2,1,3,1,2,3,2,1
"3575",1,1,1,1,1,1,1,1,1,1,1,NA,1,2,1,1,3,3,1,3,1,1,2,1,1,1,1,2,1,1,1,1,2,1,1,1,1,1,1,1,1,1,1,1,1,2,1,2,1,1,1,1,1,1,1,1,2,1,1,1,1,1,1,1,3,1,2,1,1,1,1,1,1,1,1,1,1
"3578",NA,1,1,1,1,1,1,1,1,1,1,1,1,1,1,1,1,1,1,1,1,1,1,1,1,1,1,1,1,1,1,1,1,1,1,1,1,1,1,NA,1,1,NA,1,1,1,1,1,1,1,1,1,1,1,1,1,1,1,1,1,1,1,1,1,NA,1,1,1,1,1,1,1,1,1,1,1,1
"3586",1,1,1,1,1,1,1,1,1,1,1,1,1,1,1,1,1,1,1,3,1,1,1,1,1,1,1,1,1,1,1,1,1,1,1,NA,1,1,1,1,NA,1,1,NA,1,1,1,1,1,1,1,1,1,1,NA,1,1,1,1,1,1,1,1,1,1,1,1,1,NA,1,1,1,1,1,1,1,1
"3589",2,1,1,1,1,1,1,1,1,1,1,1,1,1,1,1,1,1,1,2,1,1,1,1,1,1,1,2,1,1,NA,1,1,NA,1,1,1,1,1,2,1,1,1,1,2,1,1,1,1,1,1,1,1,1,1,1,1,1,1,1,1,1,1,1,2,1,1,1,1,1,1,1,1,1,1,1,NA
"3594",1,1,1,1,1,1,1,1,1,1,1,1,1,1,1,1,NA,1,1,1,1,1,1,1,1,1,3,1,1,1,1,1,1,1,1,2,1,1,1,1,1,1,1,1,1,1,1,1,1,1,1,1,1,1,1,1,1,1,1,1,1,1,1,1,1,1,1,1,1,1,1,2,1,1,3,1,1
"3602",1,1,1,1,1,1,1,1,1,1,1,1,1,1,1,1,NA,1,1,2,1,1,1,1,1,1,1,1,1,1,1,1,1,1,1,1,1,1,1,1,1,1,1,1,1,1,1,1,1,1,1,1,1,1,1,1,1,1,1,1,1,1,1,1,1,1,NA,1,1,1,1,1,1,1,1,1,1
"3611",1,1,1,1,1,1,NA,1,1,1,1,1,1,NA,1,1,1,1,1,1,NA,1,1,1,1,1,1,NA,1,1,1,1,NA,1,1,2,1,1,1,1,NA,1,1,1,1,1,1,1,1,1,1,1,1,1,NA,1,1,1,1,1,1,1,1,1,1,1,1,NA,1,1,1,1,1,1,1,1,1
"3637",1,2,2,2,1,1,NA,2,1,1,1,1,2,1,2,1,1,1,2,1,1,2,1,1,1,2,2,1,2,1,2,2,1,1,2,3,2,2,2,1,1,1,1,2,1,NA,1,1,1,2,2,1,2,1,2,1,1,1,1,2,2,1,2,1,NA,2,1,1,1,1,1,2,1,2,3,1,1
"3644",1,2,3,2,2,1,2,3,1,1,1,1,3,1,3,1,1,1,NA,1,1,3,1,1,1,3,3,1,2,1,3,3,1,1,3,3,3,2,2,1,1,1,1,3,1,1,2,1,1,3,3,1,3,1,2,2,1,1,3,3,2,1,2,1,1,3,1,1,1,2,1,3,2,2,3,1,1
"3647",3,1,1,1,1,3,1,1,1,1,1,3,1,2,1,1,NA,1,1,3,1,1,1,NA,2,1,1,2,1,1,1,1,1,3,1,1,1,1,1,3,1,NA,3,1,3,3,1,1,1,1,1,1,1,3,1,1,1,1,1,1,1,1,1,3,3,1,3,2,1,1,2,1,1,1,1,1,1
"3654",1,1,1,1,1,1,1,1,1,1,1,1,1,1,1,1,1,1,1,1,1,1,1,1,1,1,1,1,1,1,1,1,1,1,1,1,1,1,1,1,1,1,1,1,1,1,1,1,1,1,1,1,1,1,1,1,1,1,1,1,1,1,1,1,NA,1,1,1,1,1,1,1,1,1,1,1,1
"3655",1,1,1,1,1,1,1,1,1,1,1,NA,1,1,1,1,2,2,1,3,1,1,1,1,1,1,1,1,1,1,1,1,1,2,1,1,1,1,1,1,3,1,NA,1,2,1,1,2,1,1,1,1,1,1,1,1,1,2,1,1,1,1,1,1,2,1,NA,1,1,1,1,1,1,1,1,1,1
"3660",1,2,3,3,1,1,2,3,1,1,1,1,3,1,3,1,1,1,1,1,1,3,1,1,1,3,3,1,2,1,3,3,1,1,3,3,3,1,3,1,1,1,1,3,1,1,NA,1,1,3,3,NA,3,1,2,NA,1,1,3,3,2,1,2,1,NA,3,1,1,1,1,1,3,2,NA,3,1,1
"3663",1,1,1,1,2,1,1,1,1,2,2,1,1,1,1,1,2,1,1,2,1,1,1,1,NA,1,1,2,1,2,1,1,2,1,1,1,1,2,1,1,3,1,1,1,1,1,1,2,1,1,1,1,1,1,1,1,1,1,1,1,1,1,1,2,1,1,NA,3,1,2,1,1,1,1,1,NA,3
"3664",1,1,1,1,NA,1,1,1,1,1,1,1,1,1,1,1,1,1,1,2,1,1,1,1,1,1,1,1,1,1,1,1,1,1,1,1,1,1,1,2,1,1,1,1,1,1,1,1,1,1,1,1,1,1,1,NA,1,1,1,1,1,1,1,1,2,1,1,1,1,1,NA,1,1,1,1,1,1
"3670",1,2,2,2,2,2,2,2,2,NA,1,2,2,1,1,1,1,1,2,1,NA,2,1,NA,2,2,1,1,2,2,2,2,1,1,2,3,2,1,2,2,1,2,1,2,1,1,1,1,2,2,1,1,2,1,2,2,2,2,2,2,2,2,1,2,1,2,1,1,2,NA,2,2,1,1,3,1,1
"3676",1,1,1,1,1,1,1,1,1,1,1,1,1,1,1,1,2,1,1,1,1,1,1,1,1,1,2,1,1,1,1,1,1,1,1,2,1,1,1,1,1,1,1,1,1,1,1,1,1,1,1,1,1,1,1,1,1,1,1,1,1,1,1,1,1,1,1,1,1,1,1,2,1,1,3,1,1
"3691",2,1,1,1,2,2,1,1,1,2,2,2,1,1,1,2,NA,2,1,2,2,1,2,2,2,1,1,2,1,2,1,1,2,2,1,1,1,2,1,1,2,1,2,1,2,1,1,2,NA,1,1,2,1,2,1,2,2,2,1,1,1,2,1,2,2,1,2,2,2,2,2,1,1,1,1,2,2
"3692",1,2,2,2,2,1,2,2,NA,1,2,1,2,1,2,2,1,2,NA,1,1,2,2,1,1,2,2,1,2,1,2,2,1,1,2,3,2,2,2,1,2,1,1,2,1,NA,2,2,1,2,2,1,2,1,2,2,2,1,2,2,2,2,2,1,1,2,1,1,2,1,NA,2,2,2,3,2,NA
"3697",1,2,2,2,2,1,2,2,2,1,1,1,2,1,2,1,1,1,2,1,1,2,1,1,1,2,2,1,2,1,2,2,1,1,2,3,2,1,2,1,1,1,1,2,1,1,1,1,1,2,2,1,2,1,2,1,1,1,2,2,2,1,2,1,1,2,1,1,1,1,NA,2,2,2,3,1,1
"3700",1,1,1,1,NA,1,1,1,1,1,1,1,1,1,1,1,1,1,1,1,1,1,1,1,1,1,1,NA,1,1,1,1,1,1,1,2,1,1,1,1,NA,1,1,1,1,1,1,1,1,1,1,1,1,1,1,1,1,1,1,1,1,1,1,1,1,1,1,NA,1,1,1,1,1,1,1,1,1
"3709",1,2,2,2,NA,1,2,2,2,1,1,1,2,1,2,1,1,1,2,1,1,2,1,1,1,2,2,NA,2,1,2,2,1,1,2,3,2,2,2,1,NA,1,1,2,1,1,2,1,1,2,2,1,2,1,2,2,1,1,2,2,2,1,2,1,1,2,1,NA,1,1,1,2,1,3,3,1,1
"3725",1,2,1,1,1,1,2,2,1,1,2,1,2,1,2,1,2,1,1,2,1,2,1,1,NA,2,2,2,2,1,1,2,2,1,2,2,2,1,2,1,2,1,1,2,1,1,1,2,1,2,2,1,2,1,1,1,1,1,2,2,2,1,2,1,1,2,1,1,1,2,1,2,2,2,1,1,2
"3728",1,1,1,1,1,1,1,1,1,1,1,NA,1,1,1,1,2,2,1,2,1,1,1,1,1,1,2,1,1,1,1,1,1,1,1,1,1,1,2,1,1,1,NA,1,2,1,1,2,1,1,1,1,1,1,1,1,1,2,1,1,1,1,1,1,2,1,2,2,1,1,1,1,1,1,1,1,1
"3729",2,1,1,1,2,2,2,1,2,2,2,2,1,2,1,1,3,2,1,3,2,1,2,2,2,1,1,3,1,2,1,1,2,2,1,1,1,2,1,2,1,1,3,1,2,1,1,2,1,1,1,2,1,2,1,1,2,2,1,1,1,1,1,2,3,1,3,3,2,2,2,1,1,1,1,2,3
"3730",1,1,1,1,2,2,1,1,1,1,1,2,1,NA,1,1,3,2,1,3,1,1,1,NA,NA,1,1,1,1,2,1,1,1,2,1,1,1,2,1,2,1,1,3,1,2,1,1,1,1,1,1,2,1,2,1,1,1,2,1,1,1,1,1,2,3,1,3,1,2,1,1,1,1,1,1,1,1
"3731",2,1,1,1,1,2,1,1,1,1,1,2,1,1,1,1,2,1,1,2,1,1,1,1,1,1,1,1,1,1,1,1,2,2,1,1,1,1,1,2,1,1,2,1,2,1,1,1,1,1,1,1,1,2,1,1,1,2,1,1,1,1,1,2,3,1,1,2,1,1,1,1,1,1,1,1,1
"3732",1,NA,1,1,1,3,1,1,1,1,1,2,NA,2,1,1,3,2,1,3,2,1,1,1,2,1,1,2,1,2,1,1,2,3,1,1,1,1,1,2,1,NA,3,1,3,1,1,1,1,1,1,2,1,3,1,1,1,2,NA,1,1,1,1,3,3,1,3,2,2,1,1,1,1,NA,1,1,NA
"3736",1,1,1,1,1,1,1,1,1,1,1,1,1,1,1,1,1,1,1,1,1,1,1,1,1,1,1,1,1,1,1,1,1,1,1,1,1,1,1,1,1,1,1,1,1,1,1,1,1,1,1,1,1,1,1,1,1,1,1,1,1,1,1,1,1,1,1,1,1,1,1,1,1,1,3,1,1
"3739",1,1,1,1,1,1,1,1,1,1,1,1,1,1,1,1,2,1,1,2,1,1,1,1,1,1,1,2,1,1,1,1,1,1,1,1,1,1,1,1,1,1,1,1,1,2,1,1,1,1,1,1,1,1,1,1,1,1,1,1,1,1,1,1,1,1,1,1,1,1,NA,1,1,1,1,1,1
"3741",1,2,1,1,1,2,2,1,1,2,1,2,2,1,2,1,1,1,1,1,2,2,1,NA,2,2,1,1,1,1,2,2,1,1,2,3,2,1,2,1,1,2,1,2,1,1,2,1,2,2,1,1,1,1,2,3,1,1,2,2,2,2,1,2,1,1,1,1,2,1,1,2,2,1,3,1,1
"3762",1,1,1,1,1,1,1,1,1,1,1,1,1,1,1,1,1,1,1,1,1,1,1,1,1,1,1,1,1,1,1,1,1,1,1,1,1,1,1,1,1,1,2,1,1,1,1,1,1,1,1,1,1,1,1,1,1,1,1,1,1,1,1,1,1,1,3,1,1,1,1,1,1,1,1,1,1
"3764",1,2,2,2,2,1,2,2,1,2,2,1,2,1,2,2,1,2,1,1,1,2,2,1,2,2,2,2,2,2,2,2,1,1,2,3,2,2,2,1,2,1,1,2,1,NA,2,2,2,2,2,1,2,1,2,2,2,1,2,2,2,2,2,1,1,2,1,1,2,2,1,2,2,2,3,2,2
"3778",1,2,2,3,2,1,2,3,2,1,2,1,3,1,3,2,1,1,2,1,2,3,2,1,2,3,3,2,3,2,3,3,2,1,3,3,3,2,3,1,3,1,1,3,1,1,3,2,2,3,2,2,3,1,2,2,2,1,3,3,2,2,3,1,1,3,1,1,1,2,2,3,2,2,3,1,2
"3784",1,2,1,1,1,1,2,2,1,1,2,1,2,1,2,1,2,1,1,NA,1,2,1,1,2,2,2,2,2,1,1,2,2,1,2,2,2,1,2,1,2,1,1,2,1,1,2,2,1,2,2,2,2,1,1,1,1,1,2,2,2,1,2,1,1,2,1,1,1,2,1,2,2,1,1,2,1
"3791",1,1,1,1,1,1,1,1,1,1,1,NA,1,1,1,1,2,1,1,2,1,1,1,1,1,1,1,1,1,1,1,1,1,1,1,1,1,1,1,1,1,1,2,1,1,1,1,1,1,1,1,1,1,1,1,1,1,2,1,1,1,1,1,1,2,1,2,3,1,1,1,1,1,1,1,1,1
"3792",2,1,1,1,2,1,2,1,2,2,2,2,1,2,1,1,3,2,1,3,1,1,1,2,2,1,1,3,1,2,1,1,3,3,1,1,1,2,1,NA,2,1,3,1,3,2,1,2,1,1,1,2,1,2,1,1,2,2,1,1,1,1,1,2,3,1,3,2,2,2,2,1,2,1,1,2,3
"3793",2,1,1,1,1,2,1,1,1,1,1,2,1,NA,1,1,2,1,1,2,1,1,1,1,2,1,1,1,1,1,1,1,2,2,1,1,1,1,1,NA,2,1,2,1,2,2,1,1,1,1,1,2,1,2,1,1,1,2,1,1,1,1,1,2,3,1,1,2,2,2,1,1,1,1,1,1,1
"3794",1,1,1,1,1,3,2,1,1,1,1,3,2,2,1,1,3,2,1,3,2,1,1,1,2,1,1,2,1,1,NA,1,3,3,1,1,1,1,1,NA,2,NA,3,1,3,2,1,1,2,1,1,2,1,3,1,1,1,2,2,1,1,2,1,3,3,1,3,NA,2,2,1,1,2,2,1,1,1
"3795",1,1,1,1,1,2,1,1,1,1,1,2,1,2,1,1,3,1,1,3,1,1,1,NA,NA,1,1,1,1,1,1,1,3,3,1,1,1,2,1,NA,2,1,3,1,2,2,1,1,1,1,1,2,1,3,1,1,1,2,1,1,1,1,1,2,3,1,3,1,2,2,1,1,1,1,1,1,1
"3799",1,2,2,2,1,1,2,2,1,1,1,1,2,1,2,1,1,1,1,1,1,2,1,1,2,2,2,2,2,1,2,2,1,1,2,3,2,1,2,1,2,1,1,2,1,1,1,1,1,2,2,1,2,1,2,NA,1,1,2,2,2,1,2,1,1,2,1,1,1,1,1,2,2,2,3,1,1
"3801",1,1,1,1,1,1,1,1,1,1,1,1,1,1,1,1,1,1,1,1,1,1,1,1,1,1,1,NA,1,1,1,1,1,1,NA,1,1,1,1,1,1,1,1,1,1,1,1,1,1,1,1,1,1,1,1,1,1,1,1,1,1,1,1,1,1,1,1,1,1,1,1,1,1,1,3,1,1
"3804",1,2,1,1,1,1,1,1,1,1,1,2,2,1,1,1,1,1,1,1,1,1,1,NA,1,1,1,1,1,1,2,2,1,1,2,3,2,1,2,1,1,2,1,1,1,1,2,1,2,2,1,1,1,1,1,1,1,1,2,2,1,2,1,1,1,1,1,1,1,1,1,2,1,1,3,1,1
"3805",1,2,2,1,1,1,2,2,1,1,2,1,2,1,2,1,2,1,1,NA,2,2,1,1,2,2,2,NA,2,1,1,2,2,1,2,1,2,1,2,1,2,1,1,2,1,1,2,2,1,2,2,2,2,1,1,1,1,1,2,2,2,1,2,1,1,2,1,1,1,2,1,2,2,1,1,2,2
"3823",1,1,1,1,1,1,2,1,1,1,1,1,1,1,1,1,2,1,1,NA,1,1,1,1,1,1,1,NA,1,1,1,1,2,1,1,1,1,1,1,1,1,1,1,1,1,1,1,2,1,1,1,1,1,1,1,1,1,1,1,1,2,1,1,1,1,1,NA,2,1,2,1,1,1,1,1,2,2
"3830",1,1,1,1,1,1,1,1,1,1,1,1,1,1,1,1,2,1,1,2,1,1,1,1,1,1,1,2,1,1,1,1,1,1,1,1,1,1,1,1,1,1,1,1,1,1,1,1,1,1,1,1,1,1,1,1,1,1,1,1,1,1,1,1,NA,1,1,1,1,1,1,1,1,1,1,1,1
"3843",1,3,2,2,1,1,2,3,1,1,1,1,3,1,2,2,NA,1,1,1,1,3,1,1,1,3,3,2,3,1,3,3,1,1,2,3,3,2,2,1,1,NA,1,3,1,1,3,1,1,3,1,1,2,1,NA,1,1,1,3,3,3,1,3,1,1,2,1,1,1,2,2,3,2,1,3,1,1
"3849",1,2,2,2,2,1,2,2,2,1,2,1,2,1,2,2,1,1,2,1,2,2,1,1,2,2,2,2,2,2,2,2,2,1,2,3,2,NA,2,1,2,1,1,2,1,1,2,1,2,2,2,2,2,1,2,2,2,1,2,2,2,2,2,1,1,2,1,1,1,2,2,2,2,2,3,1,2
"3854",1,1,1,1,1,1,1,1,1,1,1,1,1,1,1,1,1,1,1,1,1,1,1,1,1,1,1,1,1,1,1,1,1,1,1,1,1,1,1,1,1,1,3,1,1,1,1,1,1,1,1,1,1,1,1,1,1,1,1,1,1,1,1,1,2,1,3,1,1,1,1,1,1,1,1,1,1
"3857",1,1,1,1,1,1,2,1,1,1,1,1,1,1,1,1,1,1,2,1,1,1,1,1,NA,1,1,1,1,1,1,1,1,1,1,3,1,1,1,1,2,1,1,1,1,1,1,1,1,1,1,2,1,1,1,1,1,1,1,1,2,1,1,1,1,1,1,1,1,1,1,1,2,2,3,1,1
"3858",1,2,1,1,1,1,1,1,1,1,1,1,1,1,1,1,1,1,2,1,1,1,1,1,1,1,1,1,1,1,1,2,1,1,1,3,1,1,1,1,1,1,1,1,1,1,1,1,1,1,1,1,2,1,1,1,2,1,1,1,2,1,1,1,1,1,1,1,1,1,1,1,1,2,3,1,1
"3864",1,1,1,1,1,1,1,1,1,1,1,NA,1,1,1,1,2,1,1,2,1,1,1,1,1,1,1,1,1,1,1,1,1,1,1,1,1,1,1,1,1,1,2,1,1,1,1,1,1,1,1,1,1,1,1,1,1,1,1,1,1,1,1,1,2,1,2,2,1,1,1,1,1,1,1,1,1
"3865",1,1,1,1,1,1,2,1,1,1,1,1,1,1,1,1,2,1,1,NA,1,1,1,1,1,1,1,2,1,1,1,1,2,1,1,1,1,1,1,1,1,1,1,1,1,1,1,1,1,1,1,2,1,1,1,1,1,1,1,1,2,1,1,1,1,1,1,2,1,2,1,1,1,1,1,1,2
"3866",1,1,1,1,1,2,1,1,1,1,1,2,1,2,1,1,3,2,1,3,2,1,1,2,2,1,1,2,1,1,1,1,3,3,1,1,1,1,1,2,2,2,3,1,2,2,1,1,1,1,1,2,1,3,1,1,1,2,1,1,1,1,1,2,3,1,3,1,2,2,1,1,1,1,1,1,1
"3867",2,1,1,1,2,2,2,1,2,2,2,2,1,2,1,1,3,2,1,3,1,1,1,2,2,1,1,3,1,2,1,1,3,3,1,1,1,2,1,2,2,1,3,1,2,2,1,2,NA,1,1,2,1,2,2,1,2,2,1,1,1,2,1,2,3,1,3,3,2,2,2,1,2,1,1,2,3
"3868",1,1,1,1,1,3,1,1,1,1,1,3,2,2,1,1,3,2,1,3,2,1,1,2,2,1,1,2,1,1,1,1,3,3,1,1,1,1,1,2,2,NA,3,1,3,2,1,1,2,1,1,2,1,3,2,1,1,2,2,1,1,2,1,3,3,1,3,3,2,2,1,1,2,2,1,1,1
"3869",2,1,1,1,1,2,1,1,1,1,1,2,1,2,1,1,2,1,1,2,1,1,1,NA,2,1,1,1,1,1,1,1,2,2,1,1,1,1,1,2,2,1,3,1,2,2,1,1,2,1,1,2,1,2,1,1,1,2,1,1,1,1,1,2,3,1,1,2,2,2,1,1,1,1,1,1,1
"3875",1,1,1,1,1,1,1,1,1,1,1,1,1,1,1,1,2,1,1,2,1,1,1,1,1,1,1,2,1,1,1,1,1,1,1,1,1,1,1,1,1,1,1,1,1,1,1,NA,1,1,1,1,1,NA,1,NA,1,1,1,1,1,1,1,1,2,1,2,2,1,1,1,1,1,1,1,1,1
"3876",1,1,1,1,1,1,1,1,1,1,1,1,1,1,1,1,1,1,1,1,1,1,1,2,1,1,1,1,1,1,2,1,1,1,1,3,1,1,2,NA,1,NA,1,1,1,1,2,1,NA,2,1,1,1,1,1,1,1,1,2,1,1,1,1,1,1,1,1,1,1,1,1,2,1,1,3,1,1
"3879",1,1,1,1,1,1,1,1,1,1,1,1,1,1,1,1,1,1,1,1,1,1,1,1,1,1,1,1,1,1,1,1,1,1,1,1,1,1,1,1,1,1,3,1,1,1,1,1,1,1,1,NA,1,1,1,1,1,1,1,1,1,1,1,1,2,1,3,1,1,1,NA,1,1,1,1,1,1
"3897",1,2,1,1,1,1,1,2,1,1,1,1,1,1,1,1,1,1,NA,1,1,1,1,1,1,1,2,1,1,1,1,1,1,1,1,3,1,1,1,1,1,1,1,1,1,1,1,1,1,1,1,1,1,1,1,1,1,1,1,1,1,1,1,1,1,1,1,1,1,1,1,3,1,1,3,1,1
"3898",1,2,2,1,1,1,1,2,1,1,1,1,1,1,1,1,1,1,1,1,1,1,1,1,1,1,2,1,2,1,1,1,1,1,1,3,1,1,1,1,1,1,1,1,1,1,1,1,1,1,1,1,1,1,1,1,1,1,1,1,1,1,1,1,1,1,1,1,1,1,1,3,1,1,3,1,1
"3899",1,2,2,1,1,1,1,2,1,1,1,1,1,1,1,1,1,1,1,1,1,1,1,1,1,1,2,1,2,1,1,1,1,1,1,3,1,1,1,1,1,1,1,1,1,1,1,1,1,1,1,1,1,1,1,1,1,1,1,1,1,1,1,1,1,1,1,1,1,1,1,3,1,1,3,1,1
"3900",1,2,2,1,1,1,1,2,1,1,1,1,1,1,1,1,1,1,1,1,1,1,1,1,1,1,2,1,2,1,1,1,1,1,1,3,1,1,1,1,1,1,1,1,1,1,1,1,1,1,1,1,1,1,1,1,1,1,1,1,1,1,1,1,1,1,1,1,1,1,1,3,1,1,3,1,1
"3901",1,2,2,1,1,1,1,2,1,1,1,1,1,1,1,1,1,1,1,1,1,1,1,1,1,1,2,1,2,1,1,1,1,1,1,3,1,1,1,1,1,1,1,1,1,1,1,1,1,1,1,1,1,1,1,1,1,1,1,1,1,1,1,1,1,1,1,1,1,1,1,3,1,1,3,1,1
"3902",1,2,2,1,1,1,1,2,1,1,1,1,1,1,1,1,1,1,1,1,1,1,1,1,1,1,2,1,2,1,1,1,1,1,1,3,1,1,1,1,1,1,1,1,1,1,1,1,1,1,1,1,1,1,1,1,1,1,1,1,1,1,1,1,1,1,1,1,1,1,1,3,1,1,3,1,1
"3903",1,2,2,1,1,1,1,2,1,1,1,1,1,1,1,1,1,1,1,1,1,1,1,1,1,1,2,1,2,1,1,1,1,1,1,3,1,1,1,1,1,1,1,1,1,1,1,1,1,1,1,1,1,1,1,1,1,1,1,1,1,1,1,1,1,1,1,1,1,1,1,3,1,1,3,1,1
"3904",1,2,2,1,1,1,1,2,1,1,1,1,1,1,1,1,1,1,1,1,1,1,1,1,1,1,2,1,2,1,1,1,1,1,1,3,1,1,1,1,1,1,1,1,1,1,1,1,1,1,1,1,1,1,1,1,1,1,1,1,1,1,1,1,1,1,1,1,1,1,1,3,1,1,3,1,1
"3905",1,2,2,1,1,1,1,2,1,1,1,1,1,1,1,1,1,1,1,1,1,1,1,1,1,1,2,1,2,1,1,1,1,1,1,3,1,1,1,1,1,1,1,1,1,1,1,1,1,1,1,1,1,1,1,1,1,1,1,1,1,1,1,1,1,1,1,1,1,1,1,3,1,1,3,1,1
"3906",1,2,2,1,1,1,1,2,1,1,1,1,1,1,1,1,1,1,1,1,1,1,1,1,1,1,2,1,2,1,1,1,1,1,1,3,1,1,1,1,1,1,1,1,1,1,1,1,1,1,1,1,1,1,1,1,1,1,1,1,1,1,1,1,1,1,1,1,1,1,1,3,1,1,3,1,1
"3907",1,2,2,1,1,1,1,2,1,1,1,1,1,1,1,1,1,1,1,1,1,1,1,1,1,1,2,1,2,1,1,1,1,1,1,3,1,1,1,1,1,1,1,1,1,1,1,1,1,1,1,1,1,1,1,1,1,1,1,1,1,1,1,1,1,1,1,1,1,1,1,3,1,1,3,1,1
"3908",1,2,2,1,1,1,1,2,1,1,1,1,1,1,1,1,1,1,1,1,1,1,1,1,1,1,2,1,2,1,1,1,1,1,1,3,1,1,1,1,1,1,1,1,1,1,1,1,1,1,1,1,1,1,1,1,1,1,1,1,1,1,1,1,1,1,1,1,1,1,1,3,1,1,3,1,1
"3909",1,2,2,1,1,1,1,2,1,1,1,1,1,1,1,1,1,1,1,1,1,1,1,1,1,1,2,1,2,1,1,1,1,1,1,3,1,1,1,1,1,1,1,1,1,1,1,1,1,1,1,1,1,1,1,1,1,1,1,1,1,1,1,1,1,1,1,1,1,1,1,3,1,1,3,1,1
"3941",1,2,1,2,2,1,2,2,2,1,2,1,2,1,2,2,1,1,1,1,2,2,2,1,2,2,2,1,2,2,2,2,2,1,2,3,2,2,2,1,2,1,1,2,1,1,2,1,2,2,1,2,2,1,2,2,2,1,2,2,2,2,2,1,1,2,1,NA,1,1,2,2,2,2,3,2,2
"3948",1,1,3,3,2,1,2,3,1,1,1,1,2,1,3,1,1,1,1,1,2,3,1,1,1,3,3,1,2,1,3,3,1,1,3,3,3,1,3,1,1,1,1,3,1,1,2,1,1,3,3,1,3,1,1,1,1,1,3,2,2,1,2,1,1,3,1,NA,1,1,1,3,1,1,3,1,1
"3949",1,1,1,1,2,1,2,1,1,1,1,1,1,1,1,1,1,1,2,1,1,1,1,1,1,1,1,1,1,1,2,1,1,1,1,3,1,1,1,1,1,1,1,1,1,1,1,1,2,1,1,NA,1,1,2,1,1,1,2,1,2,1,1,1,1,1,1,1,1,1,1,1,2,2,3,1,1
"3951",1,2,1,1,1,1,1,1,1,1,1,1,1,1,1,1,1,1,1,1,1,1,1,1,1,1,1,1,1,1,1,1,1,1,1,3,1,1,1,1,1,1,1,1,1,1,1,1,1,1,1,1,2,1,1,1,1,1,NA,1,2,1,1,1,1,1,1,1,1,1,1,1,1,1,3,1,1
"3954",1,1,1,1,1,1,1,1,1,1,1,2,1,1,1,1,2,1,1,2,1,1,1,1,1,1,1,1,1,1,1,1,1,1,1,1,1,1,1,1,1,1,2,1,1,1,1,1,1,1,1,2,1,1,1,1,1,1,1,1,1,1,1,1,2,1,2,2,1,1,1,1,1,1,1,1,1
"3955",1,1,1,1,1,3,2,1,1,1,1,3,1,2,1,NA,3,2,1,3,2,1,1,2,2,1,1,3,1,1,1,1,3,3,1,1,1,1,1,2,2,2,3,1,3,2,1,1,2,1,1,3,1,3,1,1,1,2,1,1,1,2,1,3,3,1,3,3,2,2,1,1,2,2,1,1,1
"3957",2,1,1,1,1,2,1,1,1,1,1,2,1,2,1,1,2,1,1,2,1,1,1,2,2,1,1,1,1,1,1,1,2,2,1,1,1,1,1,2,2,1,3,1,2,2,1,1,2,1,1,3,1,2,1,1,1,2,1,1,1,1,1,2,3,1,1,2,2,2,1,1,1,1,1,1,1
"3958",1,1,1,1,1,1,2,1,1,1,1,1,1,2,1,1,2,1,1,NA,1,1,1,1,2,1,1,2,2,1,1,1,2,1,1,1,1,1,1,1,2,1,1,1,1,1,1,1,1,1,1,1,1,1,1,1,1,1,1,1,3,1,1,1,1,1,1,2,1,2,1,1,2,1,1,1,NA
"3959",2,1,1,1,1,2,1,1,1,1,1,2,1,2,1,1,3,2,NA,3,1,1,1,1,1,1,1,2,1,1,1,1,3,3,1,1,1,1,1,2,2,2,3,1,2,2,1,1,2,1,1,3,1,3,1,1,1,2,1,1,1,1,1,2,3,1,3,1,2,2,1,1,1,1,1,1,1
"3960",2,1,1,1,2,2,2,1,2,2,2,2,1,2,1,1,3,2,1,3,1,1,1,2,2,1,1,3,1,2,1,1,3,3,1,1,1,2,1,2,2,1,3,1,2,2,1,2,2,1,1,3,1,2,1,1,2,2,1,1,1,2,1,2,3,1,3,3,2,2,2,1,2,2,1,2,3
"3961",2,1,1,1,1,2,1,1,1,1,1,2,1,2,1,1,3,1,1,2,3,1,1,2,NA,1,1,2,1,1,1,1,2,2,1,1,1,1,1,2,2,NA,3,1,2,1,1,1,1,1,1,3,1,2,1,1,1,1,1,1,1,2,1,2,3,1,NA,2,2,3,1,1,1,1,1,1,1
"3962",1,1,1,1,1,1,1,1,1,1,1,1,1,1,1,1,1,1,1,2,1,1,1,1,1,1,1,1,1,1,1,1,3,1,1,1,1,1,1,1,1,1,3,1,1,NA,1,1,1,1,1,1,1,1,1,1,1,1,1,1,1,1,1,1,1,1,2,2,1,1,1,1,1,1,1,1,NA
"3964",1,1,1,1,1,1,1,1,1,1,1,1,1,1,1,1,1,1,1,1,1,1,1,NA,1,1,1,1,1,1,1,1,1,1,1,3,1,1,2,2,1,2,1,1,1,1,1,1,2,1,1,1,1,1,1,1,1,1,1,1,1,1,1,1,1,1,1,1,1,1,1,1,1,1,3,1,1
"3966",1,2,2,2,NA,NA,2,2,2,1,2,2,2,1,2,2,1,1,2,1,2,2,2,1,NA,2,2,1,2,1,2,NA,1,1,2,3,2,2,2,1,2,NA,1,2,1,1,2,1,2,2,2,NA,2,1,2,2,2,NA,2,2,1,1,2,1,1,2,1,1,1,2,2,2,2,NA,3,1,1
"3973",1,1,1,1,1,1,1,1,1,1,1,1,1,1,1,1,1,1,1,1,1,1,1,1,1,1,1,1,1,1,1,1,1,1,1,1,1,1,1,1,1,1,2,1,1,NA,1,1,1,1,1,1,1,1,1,1,1,1,1,1,1,1,1,1,2,1,3,1,1,1,1,1,1,1,1,1,1
"3989",1,2,2,2,1,1,2,3,1,1,1,1,2,1,3,1,1,1,1,1,2,2,1,1,1,2,3,1,NA,1,3,2,1,1,1,2,3,1,2,1,1,1,1,3,1,1,1,1,1,3,1,1,2,1,1,1,1,1,3,3,3,1,3,1,1,1,1,1,1,2,1,3,2,1,3,1,1
"3994",1,1,1,1,1,NA,2,NA,1,1,1,1,1,1,1,1,2,1,1,2,1,1,1,1,1,1,1,1,NA,1,1,1,1,1,1,2,1,1,1,1,1,1,NA,1,1,1,1,1,1,1,1,1,1,2,1,1,1,1,1,1,2,1,1,1,1,1,2,1,1,1,1,1,1,1,1,1,1
"4001",1,2,1,1,1,1,1,1,1,1,1,1,1,1,1,1,1,1,1,1,1,1,1,1,1,1,1,1,NA,1,1,1,1,1,1,3,1,1,1,1,1,1,1,1,1,1,1,1,1,1,1,1,2,1,1,1,1,1,1,1,1,1,1,1,1,1,1,1,1,1,1,1,1,1,3,1,1
"4006",2,1,1,1,1,2,1,1,1,1,1,2,1,2,1,1,2,1,1,2,1,1,1,2,2,1,1,2,NA,1,1,1,2,2,1,1,1,1,1,2,2,1,NA,1,2,2,1,1,2,1,1,2,1,2,2,1,1,2,1,1,1,2,1,2,3,1,2,2,2,2,1,1,1,1,1,1,1
"4007",1,1,1,1,1,3,2,1,1,1,1,3,1,2,1,1,3,2,NA,3,2,1,1,2,2,1,1,3,NA,1,1,1,3,3,1,1,1,1,1,2,2,2,3,1,3,2,1,1,2,1,1,3,1,3,2,1,1,2,1,1,1,2,1,3,3,1,3,2,2,2,1,1,NA,1,1,1,1
"4010",2,1,1,1,1,2,1,1,1,1,1,2,1,2,1,1,3,2,NA,3,1,1,1,2,1,1,1,2,NA,1,1,1,3,3,1,1,1,1,1,3,2,2,3,1,2,2,1,1,2,1,1,3,1,3,2,1,1,2,1,1,1,1,1,2,3,1,3,1,2,2,1,1,1,1,1,1,1
"4011",2,1,1,1,2,2,2,1,2,2,2,2,1,2,1,1,3,2,1,3,1,1,2,2,2,1,1,3,NA,2,1,1,3,3,1,1,1,2,1,2,2,1,3,1,2,2,1,2,2,1,1,3,1,2,1,1,2,2,1,1,2,2,1,2,3,1,3,3,2,2,2,1,2,1,1,2,3
"4012",1,1,1,1,1,1,2,1,1,2,1,1,1,2,1,1,2,1,1,2,1,1,1,1,2,1,1,2,NA,1,1,1,2,1,1,1,1,1,1,1,2,1,1,1,1,2,1,1,1,1,1,2,1,1,1,1,1,1,1,1,3,1,1,1,1,1,1,2,1,2,1,1,1,1,1,1,2
"4039",1,1,1,1,1,1,1,1,1,1,1,1,1,1,1,1,1,1,1,1,1,1,1,NA,1,1,1,1,1,1,1,1,1,1,1,3,1,1,1,1,1,2,1,1,1,1,1,1,2,1,1,1,1,1,1,1,1,1,1,1,1,1,1,1,1,1,1,1,1,1,1,1,1,1,3,1,1
"4040",1,1,1,1,1,1,1,1,1,1,1,1,1,1,1,1,2,1,1,1,1,1,1,1,1,1,1,1,1,1,1,1,1,1,1,1,1,1,1,1,1,1,1,1,1,1,1,1,1,1,1,1,1,1,1,1,1,1,1,1,1,1,1,1,1,1,2,1,1,1,1,1,1,1,1,1,1
"4052",1,1,1,1,1,1,1,1,1,2,1,1,1,1,1,1,1,1,1,2,1,1,1,1,1,1,1,1,1,1,1,1,1,2,1,1,1,1,1,1,2,1,NA,1,1,1,1,2,1,1,1,1,1,1,1,1,1,2,1,1,1,1,1,1,1,1,NA,1,1,2,1,1,1,1,1,1,2
"4088",1,1,1,1,1,1,1,1,1,1,1,1,1,1,1,1,1,1,1,1,1,1,1,1,1,1,1,1,1,1,1,1,1,1,1,3,1,1,1,1,1,1,1,1,1,1,1,1,1,1,1,1,1,1,1,1,1,1,1,1,1,1,1,1,1,1,1,1,1,1,1,1,1,2,3,1,1
"4092",1,1,1,1,1,1,1,1,1,1,1,2,1,1,1,1,2,1,1,2,1,1,1,1,1,1,1,1,1,1,1,1,1,1,1,1,1,1,1,1,1,1,2,1,1,1,1,1,1,1,1,1,1,1,1,1,1,1,1,1,1,1,1,1,2,1,2,1,1,1,1,1,1,1,1,1,1
"4095",1,1,1,2,1,1,1,2,1,1,1,1,2,1,3,1,1,1,1,1,1,3,1,1,1,3,2,NA,2,1,2,3,1,1,2,2,2,1,3,1,1,1,1,3,1,1,1,1,1,3,2,1,3,1,1,1,1,1,2,2,1,1,2,1,1,3,1,1,1,1,1,3,1,1,3,1,1
"4097",2,1,1,1,1,2,1,1,1,1,1,2,1,2,1,1,3,2,1,3,1,1,1,2,1,1,1,2,1,1,1,1,3,3,1,1,1,1,1,2,2,2,3,1,2,2,1,1,2,1,1,3,1,2,2,1,1,2,1,1,1,2,1,2,3,1,3,2,2,2,1,1,1,1,1,1,2
"4098",2,1,1,1,1,2,1,1,1,1,1,2,1,2,1,1,2,2,1,2,1,1,1,2,1,1,1,2,1,1,1,1,2,2,1,1,1,1,1,2,2,1,3,1,2,2,1,1,2,1,1,3,1,3,2,1,1,2,1,1,1,2,1,2,3,1,2,2,2,2,1,1,1,1,1,1,1
"4099",1,1,1,1,1,3,2,1,1,1,1,3,1,2,1,1,3,2,1,3,2,1,1,2,1,1,1,3,1,1,1,1,3,3,1,1,1,1,1,2,2,3,3,1,3,2,1,1,2,1,1,3,1,3,2,1,1,3,1,1,2,2,1,3,3,1,3,2,2,2,1,1,2,1,1,1,1
"4102",1,1,1,1,1,1,3,1,1,1,1,1,1,2,1,1,2,1,1,2,1,1,1,1,2,1,1,2,1,1,1,1,2,1,1,1,1,1,1,1,2,1,1,1,1,1,1,1,1,1,1,2,1,1,1,1,1,1,1,1,1,1,1,1,1,1,1,2,1,1,1,1,1,1,1,1,NA
"4104",1,1,2,2,1,1,2,2,1,1,1,1,2,1,2,1,1,1,1,1,2,2,1,1,1,2,2,1,2,1,2,2,1,1,2,2,2,1,2,1,1,NA,1,2,1,1,1,1,NA,2,2,1,2,1,1,1,1,1,2,2,2,1,2,1,1,2,1,1,1,1,1,2,2,1,3,1,1
"4108",1,1,1,1,1,1,1,1,1,1,1,1,1,1,1,1,1,1,1,1,1,1,1,1,1,1,1,1,1,1,1,1,1,1,1,3,1,1,1,1,1,1,1,1,1,1,1,1,2,1,1,1,1,1,1,1,1,1,1,1,1,1,1,1,1,1,1,1,1,1,1,1,1,1,3,1,1
"4109",1,2,2,2,NA,NA,2,2,2,1,2,1,2,1,2,2,1,1,2,1,2,2,2,1,1,2,2,1,2,1,2,2,1,1,2,3,2,1,2,1,1,NA,1,2,1,1,2,1,2,2,2,1,2,1,2,2,2,1,2,2,1,1,2,1,1,2,1,1,1,1,2,2,2,2,3,1,1
"4110",1,1,1,1,NA,1,1,1,NA,2,1,1,1,1,1,1,2,1,1,1,1,1,1,1,1,1,1,1,1,1,1,NA,2,1,1,1,1,1,1,NA,NA,1,1,1,1,1,1,1,NA,1,1,NA,1,2,NA,1,1,1,1,1,NA,1,1,1,1,1,2,1,1,1,NA,1,1,1,1,1,NA
"4141",2,1,1,1,1,2,1,1,1,1,1,1,1,NA,1,1,1,1,1,2,2,1,1,1,2,1,1,2,1,2,1,1,3,1,1,2,1,1,1,2,2,1,2,1,1,NA,1,1,2,1,1,3,1,3,1,1,1,1,1,1,1,1,1,2,2,1,2,2,1,1,2,1,1,1,1,1,2
"4153",2,2,2,1,1,1,1,2,1,1,1,1,3,1,2,1,2,1,1,1,1,2,1,1,1,2,3,1,2,1,3,2,3,1,1,3,2,1,2,1,1,1,1,2,1,1,1,1,1,2,1,1,2,3,1,1,1,1,3,2,3,1,2,1,1,1,1,1,1,1,1,3,2,1,3,1,1
"4162",1,1,2,2,1,1,1,2,1,1,1,1,2,1,2,1,1,1,1,1,1,2,1,1,1,2,2,1,2,1,2,2,1,1,2,2,2,1,2,1,1,1,1,2,1,1,1,1,1,2,2,1,2,1,1,1,1,1,2,2,1,1,2,1,1,2,1,1,1,1,1,2,1,1,3,1,1
"4163",2,1,1,1,1,2,1,1,1,1,1,2,1,NA,1,1,2,2,1,2,1,1,1,2,1,1,1,2,1,1,1,1,2,2,1,1,1,1,1,2,2,1,3,1,2,2,1,1,2,1,1,3,1,2,1,1,1,2,1,1,1,2,1,2,3,1,2,2,2,2,1,1,1,1,1,1,1
"4164",1,1,1,1,1,3,3,1,1,2,1,3,1,NA,1,1,3,2,1,3,2,1,1,2,2,1,1,3,1,2,1,1,3,3,1,1,1,2,1,2,2,3,3,1,3,2,1,2,2,1,1,3,1,3,2,1,1,3,1,1,1,2,1,3,3,1,3,2,2,2,1,1,2,2,1,2,1
"4165",1,1,1,1,1,1,2,1,1,1,1,1,1,NA,1,1,2,1,1,2,1,1,1,1,2,1,1,2,1,1,1,1,2,1,1,1,1,1,1,1,2,1,1,1,1,2,1,1,1,1,1,1,1,1,1,1,1,1,1,1,2,1,1,1,1,1,1,2,1,1,1,1,1,1,1,1,NA
"4166",1,1,1,1,1,1,3,1,1,2,1,1,1,NA,1,1,2,2,1,2,1,1,1,1,2,1,1,2,1,1,1,1,3,1,1,1,1,2,1,1,1,1,1,1,1,1,1,1,2,1,1,1,1,1,1,1,2,2,1,1,3,2,1,2,1,1,NA,2,1,1,2,1,2,1,1,2,NA
"4169",1,1,1,1,1,1,1,1,1,1,1,1,1,1,1,1,1,1,1,1,1,1,1,1,1,1,1,1,1,1,1,1,1,1,1,3,1,1,1,1,1,1,1,1,1,1,1,1,1,1,1,1,1,1,1,1,1,1,1,1,1,1,1,1,1,1,1,1,1,1,1,1,1,1,3,1,1
"4170",1,1,1,1,NA,1,1,1,NA,1,1,1,1,1,1,1,1,1,1,1,1,1,1,1,1,1,1,1,1,1,1,1,1,1,1,1,1,1,1,NA,NA,1,1,1,1,1,1,1,NA,1,1,1,1,1,NA,1,1,1,1,1,1,1,1,1,1,1,2,2,1,1,NA,1,1,NA,1,1,1
"4182",1,2,2,2,2,1,1,2,1,1,2,1,2,1,2,2,1,1,2,1,1,2,1,1,1,2,1,2,2,1,2,2,1,1,1,3,2,1,2,2,1,2,1,2,1,NA,2,1,1,2,2,2,2,1,NA,2,2,NA,2,2,1,1,2,1,1,2,1,1,1,1,2,2,2,2,3,2,1
"4184",2,1,1,1,1,1,1,1,1,1,1,1,1,1,1,1,2,1,1,2,1,1,1,1,1,1,2,1,1,1,1,1,2,1,1,2,1,1,1,1,1,1,1,1,1,1,1,1,1,1,1,1,1,2,1,1,1,1,1,1,2,1,1,1,1,1,1,1,1,1,1,1,1,1,1,1,1
"4186",1,2,2,1,1,1,1,2,1,1,1,1,3,1,2,1,2,1,1,1,1,2,1,1,1,2,3,1,2,1,3,2,3,1,1,3,2,1,2,1,1,1,1,2,1,1,1,1,1,2,1,1,2,3,1,1,1,1,3,2,3,1,2,1,1,1,1,1,1,1,1,3,2,1,3,1,1
"4195",1,1,1,1,NA,1,NA,1,1,1,1,1,NA,1,1,NA,1,1,1,1,1,1,1,1,1,1,1,NA,1,NA,1,1,1,1,1,1,1,NA,1,1,1,1,1,1,1,NA,1,1,1,1,1,1,1,1,NA,1,1,1,1,1,2,1,1,1,1,1,NA,NA,1,1,1,1,1,NA,1,1,NA
"4197",1,1,1,1,1,1,1,1,1,1,1,1,1,1,2,1,1,1,1,1,1,1,1,1,NA,1,1,1,1,1,1,1,2,1,1,3,1,1,1,1,2,1,1,1,1,1,1,1,1,1,1,1,2,1,1,1,1,1,1,1,1,2,1,1,1,1,1,1,1,1,2,1,1,1,3,1,1
"4217",1,1,1,1,1,1,1,1,1,1,1,1,1,1,1,1,1,1,1,1,1,1,1,1,1,1,1,1,1,1,1,1,1,1,1,1,1,1,1,1,1,1,1,1,1,1,1,1,1,1,1,1,1,1,1,1,1,NA,1,1,1,1,1,1,1,1,2,1,1,1,1,1,1,1,1,1,1
"4228",2,2,1,1,1,3,3,1,1,2,1,3,1,3,1,1,3,3,1,3,2,1,1,3,2,1,1,3,1,2,1,1,3,3,1,1,1,2,1,3,2,3,3,1,3,2,1,2,3,1,1,2,1,3,2,1,2,3,1,1,2,2,1,3,3,1,3,3,2,2,1,1,2,2,1,3,2
"4229",2,1,1,1,1,2,1,1,1,1,1,2,1,2,1,1,2,1,1,2,1,1,1,2,1,1,1,2,1,1,1,1,2,2,1,1,1,1,1,2,2,1,3,1,2,2,1,1,2,1,1,2,1,2,1,1,1,2,1,1,1,2,1,2,3,1,2,2,2,2,1,1,1,1,1,2,1
"4232",1,1,1,1,1,1,3,1,1,1,1,1,1,2,1,1,2,1,1,2,1,1,1,1,2,1,1,1,1,1,1,1,3,1,1,1,1,2,1,1,2,1,2,1,1,2,1,1,2,1,1,1,1,1,2,1,2,1,1,1,3,2,1,1,1,1,NA,2,1,2,2,1,2,1,1,2,1
"4233",1,1,1,1,1,1,3,1,1,1,1,1,1,2,1,1,2,1,1,2,1,1,1,1,2,1,1,2,1,1,1,1,2,1,1,NA,1,1,1,1,2,1,1,1,1,2,1,2,1,1,1,1,1,1,1,1,1,1,1,1,3,2,1,1,1,1,1,2,1,2,1,1,1,1,1,1,1
"4234",1,1,1,1,1,1,1,1,NA,1,1,1,1,1,1,1,1,1,1,1,1,1,1,1,1,1,1,1,1,1,1,1,1,1,1,1,1,1,1,1,1,1,1,1,1,1,1,1,1,1,1,1,1,1,1,1,1,1,1,1,1,1,1,1,1,1,1,1,1,1,1,1,1,1,3,1,1
"4241",1,1,1,1,1,1,1,1,1,1,1,1,1,1,1,1,1,1,1,1,1,1,1,1,1,1,1,1,1,1,1,1,1,1,1,3,1,1,1,1,1,1,1,1,1,1,1,1,1,1,1,1,1,1,1,1,1,1,1,1,1,1,1,1,1,1,1,1,1,1,1,1,1,1,3,1,1
"4246",1,2,2,2,2,1,1,2,2,1,2,1,2,1,2,2,1,1,2,1,1,2,1,1,1,2,1,2,2,1,2,2,1,1,1,3,2,1,2,NA,1,NA,1,2,1,1,2,1,1,2,2,2,2,1,1,2,2,2,2,2,1,1,2,1,1,2,1,1,1,1,2,2,1,2,3,2,1
"4247",1,1,1,1,1,1,1,1,1,1,1,1,1,1,1,1,1,1,1,1,1,1,1,1,1,1,2,1,1,1,1,1,3,1,1,3,1,1,1,1,1,1,1,1,1,1,1,1,1,1,1,1,1,3,1,1,1,1,1,1,2,1,1,1,1,1,1,1,1,1,1,1,1,1,1,1,1
"4252",1,2,3,3,1,1,1,3,1,1,2,1,3,1,3,1,2,1,1,1,3,3,1,1,1,3,3,1,3,1,3,3,1,1,3,2,3,1,2,1,1,1,1,3,1,1,3,1,1,3,3,1,3,1,1,2,1,1,3,3,3,1,3,1,1,3,1,1,1,1,1,3,2,1,3,1,1
"4260",1,1,2,1,1,1,1,1,1,1,1,1,1,1,2,1,1,1,1,1,1,1,1,1,2,1,1,1,1,1,1,1,2,1,1,3,1,1,1,1,1,1,1,1,1,1,1,1,1,1,1,1,1,1,1,1,1,1,1,1,1,2,1,1,1,1,1,1,1,1,2,1,1,1,3,1,1
"4269",2,1,1,1,1,1,1,1,1,1,1,2,1,1,1,1,2,1,1,1,1,1,1,2,1,1,1,1,1,1,1,1,1,1,1,1,1,1,1,2,2,2,2,1,2,1,1,1,1,1,1,2,1,2,1,1,1,1,1,1,2,1,1,1,2,1,2,1,1,1,1,1,1,1,1,1,1
"4273",1,1,1,1,1,1,1,1,1,1,1,2,1,1,1,1,2,1,1,2,1,1,1,1,1,1,1,1,1,1,1,1,1,1,1,1,1,1,1,1,1,1,2,1,1,1,1,1,1,1,1,1,1,NA,1,1,1,1,1,1,1,1,1,1,1,1,NA,1,1,1,1,1,1,1,1,1,1
"4276",1,2,3,3,1,1,1,3,1,1,1,1,3,1,3,3,1,2,2,1,3,3,1,1,1,3,3,1,3,1,3,3,1,1,3,3,3,1,3,1,1,1,1,3,1,1,3,1,1,3,3,1,3,1,1,2,2,1,3,3,1,2,3,1,1,3,1,1,2,1,1,3,3,2,3,1,1
"4279",3,2,1,1,2,3,3,1,1,2,2,3,1,2,1,2,3,2,1,3,2,1,1,3,2,1,1,3,1,3,1,1,3,3,1,1,1,2,1,3,2,3,3,1,3,2,1,2,2,1,1,2,1,3,2,2,2,3,1,1,3,2,1,3,3,1,3,3,2,3,1,1,2,2,1,3,NA
"4280",2,1,1,1,1,2,2,1,1,1,1,2,1,2,1,1,2,1,1,2,1,1,1,2,1,1,1,2,1,1,1,1,2,2,1,1,1,1,1,2,2,1,3,1,2,NA,1,1,2,1,1,2,1,2,1,1,1,2,1,1,2,2,1,2,3,1,2,2,2,2,1,1,1,1,1,2,NA
"4306",1,1,1,1,1,1,1,1,1,1,1,1,1,1,1,1,1,1,1,1,1,1,1,1,1,1,1,1,1,1,1,1,1,1,1,3,1,1,1,1,1,1,1,1,1,1,1,1,1,1,1,1,1,1,1,1,1,1,1,1,1,1,1,1,1,1,1,1,1,1,1,1,1,1,3,1,1
"4312",1,2,2,2,2,2,1,2,2,1,2,1,2,1,2,2,1,1,1,1,1,2,1,1,1,2,2,2,2,1,2,2,1,1,1,3,2,1,2,1,1,NA,1,2,1,1,2,1,1,2,2,1,2,1,1,2,2,2,2,2,1,1,2,1,1,2,1,1,1,1,2,2,2,2,3,1,1
"4322",1,2,3,3,1,1,2,3,1,1,1,1,3,1,3,1,1,1,1,1,2,3,1,1,1,3,3,1,3,1,3,3,2,1,2,2,3,1,2,1,1,1,1,3,1,1,3,1,1,3,1,1,3,2,1,1,1,1,3,3,2,1,3,1,1,2,1,1,1,1,1,3,2,1,3,1,1
"4325",1,1,2,1,1,1,1,1,1,1,1,1,1,1,2,1,1,1,1,1,1,1,1,1,2,1,1,1,1,1,1,1,2,1,1,3,1,1,1,1,1,1,1,1,1,1,1,1,1,1,1,1,1,1,1,1,1,1,1,1,1,1,1,1,1,1,1,1,1,1,2,1,1,1,3,1,1
"4331",1,1,2,1,NA,1,1,1,1,1,1,1,1,1,2,1,1,1,1,1,1,2,1,1,1,1,1,1,1,1,2,2,1,1,1,3,1,1,1,1,1,1,1,1,1,1,1,1,1,2,1,1,2,1,1,2,1,1,2,1,1,1,1,1,1,1,1,1,1,1,1,2,1,1,3,1,1
"4352",1,1,3,3,1,1,1,3,1,1,1,1,3,1,3,1,1,1,1,1,3,3,1,1,1,3,3,1,3,1,3,3,1,1,3,3,3,1,3,1,1,1,1,3,1,1,3,1,1,3,3,1,3,1,1,1,1,1,3,3,1,1,3,1,1,3,1,1,1,1,1,3,3,1,3,1,1
"4360",1,1,3,3,1,1,1,3,1,1,1,1,3,1,3,2,1,2,1,1,3,3,1,1,1,3,3,1,3,1,3,3,1,1,3,3,3,1,3,1,1,1,1,3,1,1,3,1,1,3,3,1,3,1,1,1,2,1,3,3,1,2,3,1,1,3,1,1,1,1,1,3,3,1,3,1,1
"4361",3,2,1,1,1,3,3,1,2,1,2,3,1,2,1,2,3,2,1,3,2,1,1,3,2,1,1,2,1,3,1,1,3,3,1,1,1,2,1,3,2,NA,3,1,3,3,1,2,2,1,1,2,1,3,1,1,1,2,1,1,3,2,1,3,3,1,3,3,2,2,1,1,2,2,1,3,2
"4362",2,1,1,1,1,2,1,1,1,2,1,2,1,2,1,1,2,1,1,2,1,1,1,2,2,1,1,2,1,1,1,1,2,2,1,1,1,1,1,2,2,2,2,1,2,2,1,1,2,1,1,2,1,2,1,1,1,2,1,1,1,2,1,2,2,1,2,2,2,2,1,1,1,1,1,1,2
"4363",2,1,1,1,1,2,2,1,1,1,1,2,1,2,1,1,2,1,1,2,1,1,1,2,1,1,1,2,1,1,1,1,2,2,1,1,1,1,1,2,2,1,3,1,2,2,1,1,2,1,1,2,1,2,1,1,1,2,1,1,2,2,1,2,3,1,2,2,2,2,1,1,1,1,1,2,2
"4373",1,1,1,1,1,1,1,1,1,NA,1,1,1,1,1,1,1,1,1,1,1,1,1,1,NA,1,1,1,1,1,1,1,1,1,1,1,1,1,1,1,1,1,1,1,1,1,1,1,1,1,1,1,1,1,1,1,1,1,1,1,1,1,1,1,1,1,1,1,1,1,1,1,1,1,1,1,1
"4374",1,1,1,1,1,1,1,1,1,1,1,1,1,1,1,1,1,1,1,1,1,1,1,1,2,1,1,1,1,1,1,1,1,1,1,3,1,1,1,1,1,1,1,1,1,1,1,1,1,1,1,1,1,1,1,1,1,1,1,1,1,1,1,1,1,1,1,1,1,1,1,1,1,1,3,1,1
"4385",1,1,1,1,1,1,1,1,1,1,1,1,1,1,1,1,1,1,1,1,1,1,1,1,1,1,1,1,1,1,1,1,1,1,1,1,1,1,1,1,1,1,1,1,1,1,1,1,1,1,1,1,1,1,1,1,1,1,1,1,1,1,1,1,1,1,1,1,1,1,1,1,1,1,1,1,1
"4391",1,1,1,1,1,1,1,1,1,1,2,1,1,1,1,1,2,1,1,2,1,1,1,2,1,1,1,1,1,1,1,1,3,1,2,2,1,1,1,1,1,1,1,1,1,1,1,2,1,1,2,1,1,2,1,1,1,1,1,1,1,1,1,1,1,2,1,1,1,1,1,1,1,1,3,1,1
"4396",1,1,2,1,1,1,1,NA,1,1,1,1,1,1,2,1,1,1,1,1,1,1,1,1,2,1,1,1,1,1,1,1,2,1,1,3,1,1,1,1,1,1,1,1,1,1,1,1,1,1,1,1,1,1,1,1,1,1,1,1,1,1,1,1,1,1,1,1,1,1,2,1,1,1,3,NA,1
"4410",1,2,2,2,2,1,1,2,1,1,1,1,2,1,2,1,1,1,2,1,1,2,1,1,2,2,2,1,2,1,2,2,1,1,2,3,2,2,2,1,1,1,1,2,1,1,1,1,NA,2,2,1,2,1,1,2,2,1,2,2,2,1,2,1,1,2,1,1,1,1,1,2,2,2,3,1,1
"4422",1,1,3,2,1,1,1,2,1,1,1,1,2,1,3,1,1,1,1,1,1,2,1,1,1,2,2,1,1,1,2,2,1,1,2,3,1,1,3,1,1,1,1,2,1,1,1,1,1,3,2,1,2,1,1,1,1,1,2,1,2,1,1,1,1,2,1,1,1,1,1,2,1,1,3,1,1
"4424",1,1,1,1,1,1,1,1,1,1,1,1,1,1,1,1,1,1,1,1,1,1,1,1,1,1,1,1,1,1,1,1,1,1,1,1,1,1,1,1,1,1,1,1,1,1,1,1,1,1,1,1,1,1,1,1,1,1,1,1,1,1,1,1,1,1,1,1,1,1,1,1,1,1,3,1,1
"4425",1,1,2,1,1,1,1,1,1,1,1,1,1,1,2,1,1,1,1,1,1,1,1,1,1,1,1,1,1,1,1,1,1,1,1,3,1,1,1,1,1,1,1,1,1,1,1,1,1,1,1,1,1,1,1,1,1,1,1,1,1,1,1,1,1,1,1,1,1,1,1,1,1,1,3,1,1
"4428",2,1,2,1,2,2,1,1,1,1,1,2,1,1,1,1,2,1,1,2,1,1,1,2,2,1,1,1,1,2,1,1,2,1,1,1,1,2,2,1,2,2,2,1,2,1,1,1,2,1,1,3,1,2,1,1,1,2,1,1,2,2,1,1,2,1,2,2,2,2,1,1,1,1,3,1,1
"4429",1,2,3,3,1,1,1,3,1,1,1,1,3,1,3,1,1,2,1,1,3,3,1,1,1,3,3,1,3,1,3,3,1,1,3,3,3,1,3,1,1,1,1,3,1,1,3,1,1,3,3,1,3,1,1,1,1,1,3,3,1,2,3,1,1,3,1,1,1,1,NA,3,3,1,3,1,1
"4439",3,1,1,1,1,3,2,1,1,2,1,3,1,3,1,1,3,1,1,3,1,1,1,3,3,1,1,2,1,2,1,1,3,3,1,1,1,2,1,3,2,3,3,1,3,3,1,1,3,1,1,3,1,3,1,1,1,2,1,1,3,2,1,2,3,1,3,2,2,3,2,1,3,1,1,1,2
"4440",2,1,1,1,1,2,2,1,1,2,1,2,1,2,1,1,2,1,1,2,1,1,1,2,2,1,1,2,1,1,1,1,2,2,1,1,1,1,1,2,2,1,3,1,2,2,1,1,2,1,1,2,1,2,1,1,1,2,1,1,2,2,1,2,3,1,3,2,2,2,1,1,1,1,1,2,2
"4441",2,1,1,1,1,2,2,1,1,2,1,2,1,2,1,1,2,1,1,2,1,1,1,2,2,1,1,2,1,1,1,1,2,2,1,1,1,2,1,2,2,1,2,1,2,2,1,1,2,1,1,2,1,2,1,1,1,2,1,1,2,2,1,2,2,1,2,2,2,2,1,1,1,1,1,1,2
"4455",2,1,1,1,1,2,2,1,1,2,1,2,1,2,1,1,2,1,1,2,1,1,1,2,2,1,1,2,1,2,1,1,2,2,1,1,1,2,1,2,2,2,2,1,2,2,1,1,2,1,1,2,1,2,1,1,1,2,1,1,1,2,1,2,2,1,2,2,2,2,2,1,1,1,1,1,2
"4456",3,2,1,1,1,3,3,1,1,2,1,3,1,2,1,1,3,3,1,3,2,1,1,3,2,1,1,2,1,2,1,1,3,3,1,1,1,2,1,3,2,3,3,1,3,2,1,1,2,1,1,2,1,3,2,1,1,3,1,1,3,2,1,3,3,1,3,2,2,3,2,1,3,2,1,3,2
"4457",2,1,1,1,1,3,3,1,1,2,2,3,1,2,1,1,3,1,1,3,1,1,1,3,2,1,1,2,1,2,1,1,3,3,1,NA,1,2,1,3,2,3,3,1,3,2,1,1,2,1,1,2,1,3,1,1,1,2,1,1,1,2,1,3,NA,1,3,2,2,2,2,1,3,1,1,2,2
"4458",1,1,3,3,1,1,1,3,1,1,2,1,3,1,3,2,1,1,1,1,3,3,1,1,1,3,3,1,3,1,3,3,1,1,3,3,3,1,3,1,1,1,1,3,1,1,3,1,1,3,3,1,3,1,1,1,1,1,3,3,1,2,3,1,1,3,1,1,1,1,1,3,3,1,3,1,1
"4465",1,1,1,1,1,1,1,1,1,1,1,2,1,1,1,1,2,1,1,2,1,1,1,1,1,1,1,1,1,1,1,1,1,1,1,1,1,1,1,1,1,1,2,1,1,1,1,1,1,1,1,1,1,1,1,1,1,1,1,1,1,1,1,1,1,1,2,1,1,1,1,1,1,1,1,1,1
"4473",1,1,1,1,1,1,1,1,1,1,1,1,1,1,1,1,1,1,1,1,1,1,1,1,1,1,1,1,1,1,1,1,1,1,1,1,1,1,1,1,1,1,1,1,1,1,1,1,1,1,1,1,1,1,1,1,1,1,1,1,1,1,1,1,1,1,1,1,1,1,1,1,1,1,3,1,1
"4484",1,2,3,2,2,1,1,2,1,1,1,1,2,1,2,1,1,1,2,1,2,2,1,1,2,2,2,1,2,1,2,2,1,1,2,3,2,2,2,1,1,1,1,2,1,1,1,2,1,2,2,1,2,1,1,1,2,1,2,2,2,1,2,1,1,2,1,1,2,1,1,2,2,2,3,1,1
"4485",1,1,1,1,1,1,1,1,1,1,1,2,1,2,1,1,2,1,1,2,1,1,1,1,1,1,1,1,1,1,1,1,2,1,1,1,1,1,1,2,2,2,2,1,2,1,1,1,1,1,1,1,1,2,1,1,1,1,1,1,1,1,1,1,2,1,2,2,1,NA,1,1,1,1,1,1,1
"4496",2,1,1,1,1,1,NA,1,1,1,1,1,1,1,1,1,2,1,1,2,1,1,1,2,1,1,1,1,1,1,1,1,1,1,1,1,1,1,1,2,1,2,2,1,1,1,1,1,1,1,1,1,1,1,1,1,1,1,1,1,1,1,1,1,2,1,2,1,1,1,1,1,1,1,1,1,1
"4502",1,2,2,3,2,1,2,3,1,1,1,1,3,1,2,2,1,2,2,1,3,3,1,1,2,3,3,2,3,1,3,3,3,1,3,3,3,1,2,1,1,1,1,3,1,1,3,1,2,3,2,2,3,1,2,1,2,1,3,3,2,1,3,3,1,3,1,2,1,1,1,3,2,2,3,1,1
"4515",1,2,3,2,1,1,1,2,1,1,1,1,2,1,2,1,1,1,2,1,1,2,1,1,1,2,2,NA,2,1,2,2,1,1,2,3,2,1,2,1,1,1,1,2,1,1,1,1,1,2,2,1,2,1,1,1,2,1,2,2,2,1,2,1,1,2,1,1,2,1,1,2,1,2,3,1,1
"4517",1,2,2,2,1,1,1,2,1,1,1,1,2,1,2,1,1,1,2,1,1,2,1,1,1,2,2,1,2,1,2,2,1,1,2,3,2,1,2,1,1,1,1,2,1,1,1,1,1,2,2,1,2,1,1,1,2,1,2,2,2,1,2,1,1,2,1,1,2,1,1,2,2,1,3,1,1
"4519",1,1,1,1,1,1,1,1,1,1,1,1,1,1,1,1,1,1,1,1,1,1,1,1,1,1,1,1,1,1,1,1,1,1,1,3,1,1,1,1,1,NA,1,1,1,1,1,1,1,1,1,1,1,1,1,1,1,1,1,1,1,1,1,1,1,1,1,1,1,1,1,1,1,1,3,1,1
"4526",1,1,2,1,1,1,1,1,1,1,1,1,1,1,2,1,1,1,1,1,1,1,1,1,1,1,1,1,1,1,1,1,1,1,1,2,1,1,2,1,1,1,1,1,1,1,1,1,1,1,2,1,1,1,1,1,1,1,1,1,1,1,1,1,1,1,1,1,1,1,1,1,1,1,3,1,1
"4529",3,2,1,1,2,3,3,1,1,2,2,3,1,2,1,1,3,2,1,3,1,1,2,3,2,1,1,2,1,2,1,1,3,3,1,1,1,2,1,1,2,3,3,1,3,NA,1,1,2,1,1,3,1,3,1,1,1,2,1,1,3,2,1,3,3,1,3,2,2,3,2,1,3,2,1,3,2
"4533",1,1,1,1,1,1,2,1,1,1,1,1,1,1,1,1,2,1,1,2,1,1,1,1,1,1,1,1,1,1,1,1,1,1,1,1,1,1,1,1,1,1,2,1,1,1,1,1,1,1,1,1,1,1,1,1,1,1,1,1,1,1,1,1,1,1,2,1,1,1,1,1,1,1,1,2,1
"4534",1,1,1,1,1,1,1,1,1,1,1,1,1,1,1,1,1,1,1,1,1,1,1,1,1,1,1,1,1,1,1,1,1,1,1,1,1,1,1,1,1,1,1,1,1,1,1,1,1,1,1,1,1,1,1,1,1,1,1,1,1,1,1,1,1,1,1,1,1,1,1,1,1,1,1,1,1
"4556",1,2,3,2,2,1,1,2,1,1,1,1,2,1,3,1,1,1,2,1,2,2,1,1,2,2,2,1,2,1,2,2,1,1,2,3,2,1,2,1,2,1,1,2,1,1,2,2,1,2,2,1,2,1,2,1,2,2,2,2,2,1,2,1,1,2,1,1,2,1,1,2,2,2,3,1,1
"4564",1,1,1,1,1,1,1,1,1,1,1,1,1,1,1,1,1,1,1,1,1,1,1,1,1,1,1,1,1,1,1,1,1,1,1,2,1,1,1,1,1,1,1,1,1,1,1,1,1,1,1,1,1,1,1,1,1,1,1,1,1,1,1,1,1,1,1,1,1,1,1,2,1,1,3,1,1
"4586",1,1,3,2,1,1,1,2,1,1,1,1,2,1,2,1,1,1,2,1,1,2,1,1,1,2,2,1,2,1,2,2,1,1,2,3,2,1,2,1,2,1,1,2,1,1,1,1,1,2,2,1,2,1,1,1,2,1,2,2,2,1,2,1,1,2,1,1,2,1,1,2,2,1,3,1,1
"4587",1,1,3,2,1,1,1,2,1,1,1,1,2,1,3,1,1,1,2,1,1,2,1,1,1,2,2,1,2,1,2,2,1,1,2,3,2,1,2,1,2,1,1,2,1,1,1,1,1,2,2,1,2,1,1,1,2,1,2,2,2,1,2,1,1,2,1,1,2,1,1,2,2,2,3,1,1
"4590",1,1,1,1,1,1,1,1,1,1,1,1,1,1,1,1,1,1,1,1,1,1,1,1,1,1,1,1,1,1,1,1,1,1,1,3,1,1,1,1,1,1,1,1,1,1,1,1,1,1,1,1,1,1,1,1,1,1,1,1,1,1,1,1,1,1,1,1,1,1,1,1,1,1,3,1,1
"4599",1,1,2,2,1,1,1,2,1,1,1,1,2,1,2,1,1,1,1,1,2,2,1,1,1,2,2,1,2,1,2,2,1,1,2,2,2,1,2,1,1,1,1,2,1,1,2,1,1,2,2,1,2,1,1,1,1,1,2,2,1,1,2,1,1,2,1,1,1,1,NA,2,2,1,3,1,1
"4600",1,1,2,2,1,1,1,2,1,1,1,1,2,1,2,1,1,1,1,1,2,2,1,1,1,2,2,1,2,1,2,2,1,1,2,2,2,1,2,1,1,1,1,2,1,1,2,1,1,2,2,1,2,1,1,1,1,1,2,2,2,1,2,1,1,2,1,1,1,1,NA,2,2,1,3,1,1
"4606",3,1,1,1,2,3,3,1,1,3,2,3,1,2,1,1,3,2,1,3,1,1,1,3,2,1,1,2,1,2,1,1,3,3,1,1,1,2,1,NA,2,3,3,1,3,2,1,1,2,1,1,2,1,3,2,1,1,2,1,1,3,2,1,3,3,1,3,2,2,3,2,1,1,NA,1,3,2
"4610",1,1,1,1,1,1,1,1,1,1,1,1,1,1,1,1,1,1,1,NA,1,1,1,1,1,1,1,1,1,1,1,1,1,1,1,1,1,1,1,1,1,1,1,1,1,1,1,1,1,1,1,1,1,1,1,1,1,1,1,1,1,1,1,1,1,1,NA,1,1,1,NA,1,1,1,1,1,1
"4624",1,1,1,1,1,1,2,1,1,1,1,1,1,1,1,1,NA,1,1,2,1,1,1,2,1,1,1,1,1,1,1,1,1,2,1,1,1,2,1,1,1,1,1,1,1,1,1,1,1,1,1,1,1,NA,1,1,1,1,1,1,2,1,1,1,1,1,1,1,1,1,1,1,1,1,1,2,1
"4634",1,2,3,3,1,1,2,3,2,1,1,1,3,1,3,2,2,2,2,1,3,3,2,1,2,3,3,1,3,1,3,3,2,1,3,3,3,1,3,1,1,1,1,3,1,1,3,2,1,3,3,1,3,2,2,2,2,1,3,3,3,1,3,1,1,3,1,1,1,1,1,3,3,1,3,1,1
"4645",1,2,3,2,2,1,1,2,1,1,1,1,2,2,3,1,1,1,2,1,2,2,1,1,2,2,2,1,2,1,2,2,1,1,2,3,2,1,2,1,1,1,1,2,1,1,2,2,1,2,2,1,2,1,2,1,2,2,2,2,2,1,2,1,1,2,1,1,2,1,1,2,2,2,3,1,1
"4661",1,1,3,2,1,1,1,2,1,1,1,1,2,1,3,1,1,1,1,1,1,2,1,1,1,2,2,1,2,1,2,2,1,1,2,3,2,1,2,1,1,1,1,2,1,1,1,1,1,2,2,1,2,1,1,1,2,1,2,2,2,1,2,1,1,2,1,1,2,1,1,2,2,1,3,1,1
"4662",1,1,3,2,1,1,1,2,1,1,1,1,2,1,3,1,1,1,1,1,1,2,1,1,1,2,2,1,2,1,2,2,1,1,2,3,2,1,2,1,1,1,1,2,1,1,1,1,1,2,2,1,2,1,1,1,2,1,2,2,2,1,2,1,1,2,1,1,2,1,1,2,2,2,3,1,1
"4664",1,1,1,1,1,1,1,1,1,1,1,1,1,1,1,1,1,1,1,1,1,1,1,1,1,1,1,1,1,1,1,1,1,1,1,3,1,1,1,1,1,1,1,1,1,1,1,1,1,1,1,1,1,1,1,1,1,1,1,1,1,1,1,1,1,1,1,1,1,1,1,1,1,1,3,1,1
"4668",1,1,1,1,1,1,1,1,1,1,1,1,1,1,1,1,1,1,1,1,1,1,1,1,1,1,1,1,1,1,1,1,1,1,1,3,1,1,1,1,1,1,1,1,1,1,1,1,1,1,1,1,1,1,1,1,1,1,1,1,1,1,1,1,1,1,1,1,1,1,1,1,1,1,3,1,1
"4673",1,1,3,2,1,1,1,2,1,NA,1,1,2,1,3,1,1,2,1,1,1,2,1,1,1,2,2,1,2,1,2,2,1,1,2,3,2,1,2,1,NA,1,1,2,1,1,1,1,1,2,2,1,2,1,1,1,2,1,2,2,2,1,2,1,1,2,1,NA,2,1,1,2,2,1,3,1,1
"4674",1,1,3,2,1,1,1,2,1,NA,1,1,2,1,3,1,1,2,1,1,1,2,1,1,1,2,2,1,2,1,2,2,1,1,2,3,2,1,2,1,NA,1,1,2,1,1,1,1,1,2,2,1,2,1,1,1,2,1,2,2,2,1,2,1,1,2,1,NA,2,1,1,2,2,2,3,1,1
"4676",1,1,1,1,1,1,2,1,1,2,1,1,1,1,1,1,2,1,1,1,1,1,1,2,1,1,1,1,1,1,1,1,2,1,1,2,1,1,1,1,1,2,2,1,1,1,1,1,2,1,1,1,1,2,1,1,1,1,1,1,2,1,1,1,2,1,2,1,1,1,1,1,1,1,3,2,1
"4689",1,1,1,1,1,1,1,1,1,NA,1,1,1,1,1,1,1,1,1,1,1,1,1,1,1,1,1,1,1,1,1,1,1,1,1,1,1,1,1,1,NA,1,1,1,1,1,1,1,1,1,1,1,1,1,1,1,1,1,1,1,1,1,1,1,1,1,1,1,1,1,1,1,1,1,3,1,1
"4705",1,3,3,2,2,1,1,2,1,1,1,1,2,NA,3,1,1,2,2,1,2,2,1,1,2,2,2,1,2,1,2,2,1,1,2,3,1,1,2,1,1,1,1,2,1,1,2,2,1,2,2,1,2,1,1,1,2,2,2,2,2,1,2,1,1,2,1,1,2,1,1,2,2,2,3,1,1
"4723",3,1,1,1,1,3,3,1,2,2,2,3,1,2,1,1,3,2,2,3,1,1,1,3,2,1,1,2,1,2,1,1,3,3,1,1,1,2,1,NA,2,3,3,1,3,2,1,2,2,1,1,2,1,3,2,1,1,2,1,1,3,2,1,3,3,1,3,2,1,3,2,1,1,2,1,3,2
"4724",3,1,1,1,1,3,3,1,NA,2,2,2,1,2,1,1,3,2,2,3,1,1,2,3,3,1,1,2,1,2,1,1,3,3,1,1,1,2,1,2,2,2,3,1,3,2,1,2,2,1,1,2,1,1,2,1,1,2,1,1,3,2,1,2,3,1,3,2,2,2,2,1,1,1,1,3,2
"4725",3,1,1,1,1,2,3,1,2,2,1,2,1,2,1,1,3,2,2,3,1,1,1,3,2,1,1,1,1,2,1,1,2,3,1,1,1,2,1,1,2,2,3,1,2,2,1,1,2,1,1,2,1,3,1,1,1,1,1,1,3,2,1,2,3,1,3,1,2,2,2,1,1,1,1,3,2
"4730",1,1,3,3,1,1,1,3,2,2,1,1,3,1,3,1,1,2,1,1,3,3,1,1,1,3,3,1,3,1,3,3,2,1,3,3,3,1,3,1,2,1,1,3,1,1,3,1,2,3,3,2,3,1,1,1,1,1,3,3,1,1,3,1,1,3,1,2,1,1,1,3,3,1,3,1,1
"4745",1,1,2,2,1,1,1,2,1,1,1,1,2,1,2,1,1,1,1,1,2,2,1,1,1,2,2,1,2,1,2,2,1,1,2,2,2,1,2,1,1,1,1,2,1,1,2,2,1,2,2,1,2,1,1,1,1,1,2,2,2,1,2,1,1,2,1,1,1,1,1,2,2,1,3,1,1
"4749",3,1,1,1,1,3,3,1,1,2,1,3,1,2,1,1,3,2,2,3,1,1,1,3,2,1,1,2,1,2,1,1,3,3,1,1,1,2,1,2,2,1,3,1,3,2,1,1,2,1,1,1,1,3,1,1,1,2,1,1,3,2,1,2,3,1,3,1,2,NA,2,1,1,1,1,3,2
"4754",1,1,1,1,1,1,1,1,1,1,1,1,1,1,1,1,1,1,1,1,1,1,1,1,1,1,1,1,1,1,1,1,1,1,1,3,1,1,1,1,1,1,1,1,1,1,1,1,1,1,1,1,1,1,1,1,1,1,1,1,1,1,1,1,1,1,1,1,1,1,1,1,1,1,3,1,1
"4780",1,1,3,2,1,1,1,2,1,1,1,1,2,1,3,1,1,2,1,1,1,2,1,1,1,2,2,1,2,1,NA,2,1,1,2,3,2,1,2,1,1,1,1,2,1,1,1,1,1,2,2,1,2,1,2,1,2,1,2,2,2,1,2,1,1,2,1,1,2,1,1,2,2,2,3,1,1
"4781",1,1,3,2,1,1,1,2,1,1,1,1,2,1,3,1,1,2,1,1,1,2,1,1,1,2,2,1,2,1,NA,2,1,1,2,3,2,1,2,1,1,1,1,2,1,1,1,1,1,2,2,1,2,1,1,1,2,1,2,2,2,1,2,1,1,2,1,1,2,1,1,2,2,1,3,1,1
"4789",1,2,3,1,2,1,1,2,NA,1,1,1,2,1,3,1,1,2,2,1,2,2,1,1,2,2,2,1,2,1,2,2,1,1,2,3,2,1,2,1,NA,1,1,2,1,1,2,2,NA,2,2,1,2,1,2,2,2,2,2,2,2,1,2,1,1,2,1,1,2,1,1,2,2,2,3,1,1
"4807",3,1,1,1,1,3,3,1,2,2,2,2,1,2,1,1,3,2,1,3,1,1,2,3,2,1,1,2,1,2,1,1,3,3,1,1,1,2,1,2,2,3,3,1,3,2,1,2,2,1,1,2,1,3,2,1,1,2,1,1,3,2,1,2,3,1,3,2,2,2,2,1,1,1,1,3,2
"4813",3,1,1,1,1,1,3,1,2,2,1,2,1,2,1,1,3,2,1,3,1,1,2,3,2,1,1,1,1,2,1,1,2,3,1,1,1,2,1,1,1,2,3,1,3,2,1,1,2,1,1,2,1,2,1,1,1,2,1,1,3,2,1,1,3,1,3,1,2,2,2,1,1,1,1,3,2
"4814",3,1,1,1,1,3,3,1,2,2,2,2,1,NA,1,1,3,2,1,3,1,1,2,3,3,1,1,2,1,2,1,1,3,3,1,1,1,2,1,NA,2,3,3,1,3,2,1,1,2,1,1,2,1,3,1,1,1,2,1,1,3,2,1,3,3,1,3,2,2,3,2,1,1,2,1,3,2
"4815",1,1,3,3,1,1,1,3,1,1,1,1,3,1,3,1,1,1,1,1,3,3,1,1,1,3,3,1,3,1,3,3,1,1,3,3,3,1,3,1,1,1,1,3,1,1,3,2,1,3,3,1,2,1,1,1,1,1,3,3,2,1,3,1,1,3,1,NA,1,1,1,3,3,1,3,1,1
"4818",2,1,1,1,1,1,1,1,1,1,1,1,1,1,1,1,1,1,1,NA,1,1,1,2,1,1,1,1,1,1,1,1,1,2,1,1,1,1,1,2,1,2,2,1,2,2,1,1,1,1,1,1,1,1,1,1,1,1,1,1,1,1,1,1,2,1,2,1,1,1,1,1,1,1,1,1,2
"4820",3,1,1,1,1,3,3,1,NA,2,1,2,1,2,1,1,3,2,1,3,1,1,2,3,NA,1,1,1,1,1,1,1,3,2,1,NA,1,2,1,2,2,2,3,1,3,2,1,1,2,1,1,1,1,3,1,NA,1,2,1,1,3,2,1,2,3,1,3,2,2,2,2,1,1,1,1,3,2
"4822",1,1,1,1,1,1,1,1,NA,1,1,1,1,1,1,1,1,1,1,1,1,1,1,1,NA,1,1,1,1,1,1,1,1,1,1,NA,1,1,1,1,1,1,1,1,1,1,1,1,1,1,1,1,1,1,1,NA,1,1,1,1,1,1,1,1,1,1,1,1,1,1,1,1,NA,1,3,1,1
"4827",1,1,3,1,1,1,1,1,NA,1,1,1,1,1,3,1,1,1,1,1,1,1,1,1,NA,1,1,1,1,1,1,1,1,1,1,3,1,1,1,1,1,1,1,1,1,1,1,1,1,1,1,1,1,1,1,NA,1,1,1,1,1,1,1,1,1,1,1,1,1,1,1,1,1,1,3,1,1
"4833",1,1,1,1,1,1,1,1,1,1,1,1,1,1,1,1,1,1,1,1,1,1,1,1,1,1,1,1,1,1,1,1,1,1,1,3,1,1,1,1,1,1,1,1,1,1,1,1,1,1,1,1,1,1,1,1,1,1,1,1,1,1,1,1,1,1,1,1,1,1,1,1,1,1,3,1,1
"4839",1,1,3,2,1,1,1,2,1,1,1,1,2,1,3,1,1,2,1,1,1,2,1,1,1,2,2,1,2,1,2,2,1,1,2,3,2,1,2,1,1,1,1,2,1,1,1,1,1,2,2,1,2,1,1,1,2,1,2,2,2,1,2,1,1,2,1,NA,2,1,1,2,2,1,3,1,1
"4840",1,1,3,2,1,1,1,2,1,1,1,1,2,1,3,1,1,2,1,1,1,2,1,1,1,2,2,1,2,1,2,2,1,1,2,3,2,1,2,1,1,1,1,2,1,1,1,1,1,2,2,1,2,1,2,1,2,1,2,2,2,1,2,1,1,2,1,NA,2,1,1,2,2,2,3,1,1
"4878",1,2,3,2,2,1,1,2,1,2,1,1,2,NA,3,1,1,2,2,1,2,2,1,1,2,2,2,1,2,1,2,2,1,1,2,3,2,1,2,1,1,1,1,2,1,1,2,2,1,2,2,NA,2,1,2,2,2,2,2,2,2,1,2,1,1,2,1,1,2,1,1,2,2,2,3,1,1
"4882",3,1,1,1,1,1,3,1,2,1,2,2,1,2,1,1,3,2,1,3,1,1,2,3,2,1,1,1,1,2,1,1,2,3,1,1,1,2,1,2,2,2,3,1,3,2,1,1,2,1,1,2,1,2,1,1,1,2,1,1,3,2,1,3,3,1,3,1,2,1,NA,1,1,1,1,3,2
"4889",3,1,1,1,1,3,3,1,2,1,2,2,1,2,1,1,3,2,1,3,1,1,3,3,2,1,1,2,1,2,1,1,3,3,1,1,1,2,1,2,2,3,3,1,3,2,1,1,2,1,1,2,1,3,1,2,1,2,1,1,3,2,1,3,3,1,3,2,2,3,NA,1,1,2,1,3,2
"4890",1,1,1,1,3,3,2,1,1,3,1,3,1,1,1,1,3,1,1,2,1,1,1,3,1,1,1,2,1,3,1,1,3,3,1,1,1,3,3,2,2,3,3,1,3,1,1,1,1,1,1,3,1,3,1,1,1,1,1,1,1,3,1,1,3,1,3,2,3,2,3,1,1,1,3,1,2
"4895",1,2,3,2,1,1,1,2,2,1,2,1,2,1,3,1,1,1,2,1,2,2,1,1,1,2,2,1,2,1,2,2,1,1,2,3,2,1,2,1,1,1,1,2,1,1,2,2,1,2,2,1,2,1,1,1,1,1,2,2,1,1,2,1,1,2,1,1,1,1,1,2,2,2,3,1,1
"4897",1,2,3,3,1,1,1,3,1,2,2,1,3,2,3,2,1,2,2,1,3,3,2,1,1,3,3,2,3,1,3,3,2,1,3,3,3,1,2,1,2,1,1,3,1,1,3,2,2,3,NA,1,3,1,2,2,2,1,3,3,1,1,3,1,1,3,1,2,1,1,2,3,3,2,3,1,2
"4900",1,1,2,2,1,1,NA,2,1,NA,1,1,2,1,2,1,1,1,1,1,2,2,1,1,1,2,2,1,2,1,2,2,1,1,2,2,2,1,2,1,1,1,1,2,1,1,2,1,1,2,2,1,2,1,1,1,1,1,2,2,1,1,2,1,1,2,1,1,1,1,1,2,2,1,3,1,1
"4902",3,1,1,1,NA,3,3,1,2,1,1,3,1,2,1,1,3,2,1,3,1,1,2,3,2,1,1,2,1,NA,1,1,3,2,1,1,1,2,1,2,2,2,3,1,3,2,1,1,2,1,1,NA,1,2,1,1,1,2,1,1,3,2,1,3,3,1,3,2,2,1,2,1,1,1,1,3,2
"4903",1,1,3,2,NA,1,1,2,1,1,1,1,2,1,3,1,1,1,1,1,2,3,1,1,1,2,2,1,2,NA,2,1,1,1,2,3,2,1,2,1,1,1,1,2,1,1,2,1,1,3,3,1,1,1,1,1,1,1,3,2,1,1,2,1,1,2,1,1,1,1,1,3,2,1,3,1,1
"4979",1,1,1,1,1,1,1,1,1,1,1,1,1,1,1,1,1,1,1,1,1,1,1,1,1,1,1,1,1,1,1,1,1,1,1,3,1,1,1,1,1,1,1,1,1,1,1,1,1,1,1,1,1,1,1,1,1,1,1,1,1,1,1,1,1,1,1,1,1,1,1,1,1,1,3,1,1
"4981",1,1,3,2,1,1,1,2,1,1,1,1,1,1,3,1,1,2,1,1,1,2,1,1,1,2,2,1,2,1,2,2,1,1,2,3,2,1,2,1,1,1,1,2,1,1,1,1,1,2,2,1,2,1,1,1,2,1,2,2,2,1,2,1,1,2,1,NA,1,1,1,2,2,2,3,1,1
"4982",1,1,3,2,1,1,1,2,1,1,1,1,2,1,3,1,1,2,1,1,1,2,1,1,1,2,2,1,2,1,2,2,1,1,2,3,2,1,2,1,1,1,1,2,1,1,1,1,1,2,3,1,2,1,1,1,2,1,2,2,2,1,2,1,1,2,1,1,1,1,1,2,2,1,3,1,1
"4995",1,1,1,1,1,1,1,1,1,1,1,1,1,1,1,1,2,1,1,2,1,1,1,1,NA,1,2,1,1,1,1,1,3,1,1,2,1,1,1,1,1,1,1,1,1,1,1,1,1,1,1,1,1,2,1,1,1,1,1,1,1,1,1,1,1,1,1,1,1,1,1,1,1,1,1,1,1
"5006",1,1,1,1,1,1,1,1,1,1,1,1,1,1,1,1,1,1,1,1,1,1,1,1,NA,1,1,1,1,1,1,1,2,1,1,1,1,1,1,1,1,1,1,1,1,1,1,1,1,1,1,1,1,1,1,1,1,1,1,1,1,1,1,1,NA,1,2,1,1,1,1,1,1,1,1,1,1
"5011",1,2,3,2,2,1,1,2,1,2,1,1,2,NA,3,1,1,2,2,1,2,2,1,1,2,2,2,1,2,1,2,2,1,1,2,3,2,1,2,1,1,1,1,2,1,1,2,2,1,2,2,1,2,1,3,2,2,2,2,2,2,1,2,1,1,2,1,1,2,1,1,2,2,2,3,1,1
"5029",3,1,1,1,2,2,3,1,2,1,2,2,1,2,1,1,3,2,1,3,1,1,2,3,2,1,1,1,1,2,1,1,2,3,1,1,1,1,1,1,2,2,3,1,3,2,1,1,2,1,1,2,1,2,1,1,1,2,1,1,3,2,1,2,3,1,3,1,2,1,2,1,1,1,1,3,2
"5030",3,1,1,1,2,3,3,1,3,1,2,3,1,2,1,1,3,2,1,3,1,1,3,3,2,1,1,2,1,2,1,1,3,3,1,1,1,2,1,2,2,3,3,1,3,2,1,1,2,1,1,3,1,3,1,2,1,2,1,1,3,2,1,3,3,1,3,2,2,2,2,1,1,2,1,3,2
"5031",1,1,3,2,1,1,1,2,1,1,1,1,2,1,3,1,1,1,1,1,2,3,1,1,1,2,2,1,2,1,2,2,1,1,2,3,3,1,2,1,1,1,1,2,1,1,2,1,1,3,2,1,2,1,1,1,1,1,3,2,1,1,2,1,1,2,1,1,1,1,1,2,2,1,3,1,1
"5035",1,2,3,3,2,1,1,3,1,2,2,1,3,2,3,3,1,2,2,1,3,3,2,1,1,3,3,2,3,1,3,3,2,1,3,3,3,2,2,1,2,1,1,3,1,1,3,3,2,3,3,1,3,1,3,2,2,1,3,3,1,1,3,1,1,3,1,2,1,1,2,3,3,3,3,1,2
"5041",1,1,1,1,1,2,1,1,1,1,1,2,1,1,1,1,1,1,1,2,1,1,2,NA,1,1,1,1,1,1,1,1,1,2,1,1,1,1,1,1,1,2,2,1,2,2,1,1,1,1,1,1,1,2,1,1,1,1,1,1,1,1,1,1,2,1,2,NA,1,1,1,1,1,1,1,2,1
"5043",3,1,1,1,2,3,3,1,2,1,2,3,1,2,1,1,3,2,1,3,1,1,2,3,2,1,1,1,1,1,1,1,3,2,1,1,1,1,1,2,2,2,3,1,3,2,1,1,2,1,1,1,2,2,1,NA,1,NA,1,1,3,2,1,3,3,1,3,1,2,1,2,1,1,1,1,3,NA
"5049",1,1,1,1,1,1,1,1,1,1,1,1,1,1,1,1,1,1,1,1,1,1,1,1,1,1,1,1,1,1,1,1,1,1,1,3,1,1,1,1,1,1,1,1,1,1,1,1,1,1,1,1,1,1,1,1,1,1,1,1,1,1,1,1,1,1,1,1,1,1,1,1,1,1,3,1,1
"5052",1,1,3,2,1,1,1,2,1,1,1,1,2,1,3,1,1,2,1,1,1,2,1,1,1,2,2,1,1,1,2,2,1,1,2,3,2,1,3,1,1,1,1,2,1,1,1,1,1,2,2,1,2,1,2,1,2,1,2,2,2,1,2,1,1,2,1,1,1,1,1,2,2,2,3,1,1
"5053",1,1,3,2,1,1,1,2,1,1,1,1,2,1,3,1,1,2,1,1,1,2,1,1,1,2,2,1,1,1,2,2,1,1,2,3,2,1,2,1,1,1,1,2,1,1,1,1,1,2,3,1,2,1,2,1,2,1,2,2,2,1,2,1,1,2,1,1,1,1,1,2,2,1,3,1,1
"5066",2,1,1,1,1,1,1,1,2,1,1,1,1,1,1,1,2,1,1,2,1,1,1,2,1,1,1,1,1,1,1,1,2,2,1,1,1,1,1,1,1,1,1,1,1,1,1,2,1,1,1,1,1,2,1,1,1,1,1,1,1,1,1,1,1,1,2,1,1,1,1,1,1,1,1,2,1
"5070",1,1,1,1,1,1,1,1,1,1,1,1,1,1,1,1,1,1,1,1,1,1,1,1,1,1,1,1,NA,1,1,1,2,1,1,1,1,1,1,1,1,1,1,1,1,1,1,1,1,1,1,1,1,1,1,1,1,1,1,1,1,1,1,1,1,1,2,1,1,1,1,1,1,1,1,1,1
"5079",1,1,1,1,1,1,1,1,1,1,2,1,1,1,1,1,2,1,1,2,1,1,1,1,1,1,1,1,1,1,1,1,2,1,1,2,1,1,1,1,1,1,1,1,1,1,1,1,1,1,1,1,1,2,1,1,1,1,1,1,1,1,1,1,1,1,2,1,1,1,1,1,1,1,1,1,1
"5082",1,2,3,2,2,1,1,2,1,2,1,1,2,NA,3,1,1,2,2,1,2,2,1,1,2,2,2,1,1,1,2,2,1,1,2,3,2,1,2,1,1,1,1,2,1,1,2,2,1,2,2,1,2,1,3,2,2,2,2,2,2,1,2,1,1,2,1,1,2,1,1,2,2,2,3,1,1
"5100",1,1,1,1,3,3,2,1,1,3,1,3,1,1,1,1,3,1,1,2,1,1,1,3,3,1,1,2,3,3,1,1,3,3,1,1,1,3,3,2,2,3,3,1,3,1,1,1,1,1,1,2,1,3,1,1,1,1,1,1,1,3,1,1,3,1,3,2,2,1,3,1,1,1,3,1,2
"5101",1,1,1,1,1,2,1,1,1,2,1,2,1,2,1,1,2,1,1,1,1,1,1,2,NA,1,1,2,1,1,1,1,1,2,1,2,1,1,1,2,1,2,2,1,2,2,1,1,1,1,1,2,1,2,1,1,1,1,1,1,2,1,1,2,2,1,2,2,1,1,1,1,1,1,2,1,2
"5107",1,3,3,3,3,1,1,3,1,2,2,1,3,1,3,3,1,2,2,1,3,3,2,1,1,3,3,2,2,1,3,3,2,1,3,3,3,2,2,1,2,1,1,3,1,1,3,3,2,3,3,1,3,1,3,2,2,1,3,3,1,1,3,1,1,3,1,2,1,2,2,3,3,3,3,1,3
"5108",3,1,1,1,1,2,3,1,2,1,1,2,1,2,1,1,3,2,1,3,1,1,2,3,2,1,1,1,2,2,1,1,2,2,1,1,1,1,1,1,2,2,3,1,3,2,1,1,2,1,1,2,1,2,1,1,1,2,1,1,3,2,1,2,3,1,3,1,2,1,2,1,1,1,1,3,2
"5109",1,2,2,2,1,1,1,2,1,1,1,1,2,1,2,1,1,1,1,1,2,2,1,1,1,2,2,1,1,1,2,2,1,1,2,3,2,1,2,1,1,1,1,2,1,1,2,2,1,2,2,1,2,1,2,1,1,1,2,2,1,1,2,1,1,2,1,1,1,1,1,2,2,2,2,1,1
"5110",3,1,1,1,1,3,3,1,3,1,2,3,1,2,1,1,3,2,1,3,1,1,3,3,2,1,1,2,1,2,1,1,2,3,1,1,1,2,1,2,2,3,3,1,3,2,1,1,2,1,1,2,1,3,1,2,1,2,1,1,3,2,1,3,3,1,3,2,2,2,2,1,1,2,1,3,2
"5117",1,2,1,1,1,2,NA,1,3,1,2,2,1,NA,1,2,2,1,1,3,1,1,3,1,1,1,1,NA,1,2,1,1,2,2,1,1,1,1,1,1,2,1,NA,1,1,NA,1,1,2,1,1,2,1,2,1,2,2,1,1,1,2,2,1,2,1,1,NA,1,2,NA,2,1,1,2,1,3,3
"5118",1,1,2,2,1,1,3,2,1,1,1,1,2,1,2,1,1,2,2,1,2,2,1,1,1,2,2,1,2,1,2,2,1,1,2,2,2,1,2,1,1,1,1,2,1,1,2,1,1,2,2,1,2,1,2,1,1,1,2,2,1,1,2,1,1,2,3,1,1,1,1,2,2,1,2,1,1
"5119",1,1,3,2,1,1,1,2,1,1,1,1,2,1,3,1,1,2,1,1,1,2,1,1,1,2,2,1,2,1,2,2,1,1,2,3,2,1,2,1,1,1,1,2,1,1,1,1,1,2,2,1,2,1,2,1,2,1,2,2,2,1,2,1,1,2,1,1,1,1,1,2,2,1,3,1,1
"5124",1,1,3,2,1,1,1,2,1,1,1,1,2,1,3,1,1,2,1,1,1,2,1,1,1,2,2,1,2,1,2,2,1,1,2,3,2,1,2,1,1,1,1,2,1,1,1,1,1,2,3,1,2,1,2,1,2,1,2,2,2,1,2,1,1,2,1,1,1,1,1,2,2,1,3,1,1
"5133",3,1,1,1,1,2,3,1,2,1,1,2,1,2,1,1,3,1,1,3,1,1,2,3,2,1,1,1,1,2,1,1,2,2,1,1,1,1,1,1,2,2,1,1,2,2,1,1,2,1,1,2,1,2,1,1,1,1,1,1,3,2,1,2,3,1,3,1,1,1,2,1,1,1,1,3,2
"5134",3,1,1,1,1,3,3,1,3,1,2,3,1,2,1,1,3,1,1,3,1,1,3,2,2,1,1,2,1,2,1,1,3,2,1,1,1,2,1,2,2,2,1,1,2,2,1,1,2,1,1,2,1,3,1,2,1,2,1,1,3,2,1,3,3,1,3,1,2,2,2,1,1,2,1,3,2
"5135",2,1,1,1,1,2,3,1,2,1,1,2,1,1,1,1,2,1,1,3,1,1,3,1,1,1,1,2,1,1,1,1,2,1,1,1,1,1,1,1,2,1,1,1,2,2,1,1,2,1,1,1,1,2,1,1,1,2,1,1,2,2,1,2,1,1,3,2,1,1,1,1,1,1,1,3,2
"5157",1,1,1,1,1,1,1,1,1,1,2,1,1,1,1,1,2,1,1,2,1,1,2,1,1,1,1,1,1,1,1,1,2,1,1,2,1,1,1,1,1,1,1,1,1,1,1,1,1,1,1,1,1,2,1,1,1,1,1,1,1,1,1,1,1,1,2,1,1,1,1,1,1,1,1,1,1
"5163",1,1,1,1,1,1,1,1,1,1,1,1,1,1,1,1,1,1,1,1,1,1,1,1,1,1,1,1,1,1,1,1,1,1,1,3,1,1,1,1,1,1,NA,1,1,1,1,1,1,1,1,1,1,1,1,1,1,1,1,1,1,1,1,1,1,NA,1,1,1,1,1,1,1,1,3,1,1
"5170",1,2,3,2,2,1,1,2,1,2,1,1,2,2,3,1,1,2,2,1,2,2,1,1,2,2,2,1,2,1,2,2,1,1,2,3,2,1,2,1,1,1,1,2,1,1,2,2,1,2,2,NA,2,1,3,2,2,2,2,2,2,1,2,1,1,2,1,NA,2,1,1,2,2,2,3,1,1
"5181",1,1,1,1,1,1,1,1,1,1,1,1,1,1,1,1,1,1,1,1,1,1,1,1,1,1,1,1,1,1,1,1,1,1,1,3,1,1,1,1,1,1,1,1,1,1,1,1,1,1,1,1,1,1,1,1,1,1,1,1,1,1,1,1,1,1,1,1,1,1,1,1,1,1,3,1,1
"5182",1,1,2,1,2,1,1,1,1,1,1,1,2,1,3,1,1,2,1,1,1,1,1,1,1,1,1,1,1,1,2,1,1,1,1,3,1,1,1,1,1,1,1,1,1,1,1,1,1,2,1,1,1,1,3,2,1,1,2,1,1,2,1,1,1,1,1,1,1,2,1,2,NA,1,3,1,1
"5183",1,1,3,2,1,1,NA,2,1,1,1,1,2,1,3,1,1,2,1,1,1,2,1,1,1,2,2,NA,2,1,2,1,1,1,2,3,2,1,2,1,1,1,1,2,1,1,1,1,1,2,2,1,2,1,2,1,2,1,2,2,2,1,2,1,1,2,1,1,1,1,1,2,2,1,3,1,NA
"5184",1,1,3,2,1,1,NA,2,1,1,1,1,2,1,3,1,1,2,1,1,1,2,1,1,1,2,2,NA,2,1,2,2,1,1,2,3,2,1,2,1,1,1,1,2,1,1,1,1,1,2,2,1,2,1,2,1,2,1,2,2,2,1,2,1,1,2,1,1,1,2,1,2,2,1,3,1,1
"5217",1,2,3,2,2,1,1,2,1,2,1,1,2,NA,3,1,1,2,2,1,2,2,1,1,2,2,2,1,2,1,2,2,1,1,2,3,2,1,2,1,1,1,1,2,1,1,2,2,1,2,2,1,2,1,3,2,2,2,2,2,2,1,2,1,1,2,1,1,2,1,1,1,2,2,3,1,1
"5240",2,1,1,1,1,3,3,1,3,1,2,3,1,2,1,1,3,1,1,3,1,1,3,3,2,1,1,NA,1,2,1,1,3,2,1,1,1,2,1,2,2,3,1,1,2,2,1,1,2,1,1,2,1,3,1,1,1,2,1,1,3,2,1,3,3,1,3,2,2,2,2,1,1,2,1,3,2
"5241",NA,1,1,1,1,1,3,1,3,1,1,1,1,1,1,1,3,1,1,3,1,1,2,1,NA,1,1,NA,1,2,1,1,2,1,1,1,1,1,1,1,1,1,1,1,1,2,1,1,2,1,1,2,1,2,1,1,1,2,1,1,3,2,1,2,1,1,3,2,1,1,1,1,1,1,1,3,1
"5243",3,1,1,1,1,2,1,1,3,1,1,2,1,1,1,1,2,1,1,3,1,1,2,3,1,1,1,1,1,1,1,1,1,3,1,1,1,1,1,3,1,3,3,1,3,2,1,1,1,1,1,1,1,3,1,1,1,1,1,1,1,1,1,2,3,1,3,1,1,1,1,1,1,1,1,3,1
"5249",1,1,1,1,1,1,1,1,1,1,1,1,1,1,1,1,1,1,1,1,1,1,1,1,1,1,1,1,1,1,1,1,1,1,1,3,1,1,1,1,1,1,1,1,1,1,1,1,1,1,1,1,1,1,1,1,1,1,1,1,1,1,1,1,1,1,1,1,1,1,1,1,1,1,3,1,1
"5254",1,1,3,2,1,1,NA,2,1,NA,1,1,2,1,2,1,1,2,1,1,1,2,1,1,1,2,2,1,2,1,2,2,1,1,2,3,2,1,2,1,NA,1,1,2,1,1,1,1,1,2,2,1,2,1,2,2,2,1,2,2,2,1,2,1,1,2,1,1,1,2,1,2,2,1,3,1,1
"5255",1,1,3,2,1,1,NA,2,1,NA,1,1,2,1,2,1,1,2,1,1,1,2,1,1,1,2,2,1,2,1,2,1,1,1,2,3,2,1,2,1,NA,1,1,2,1,1,1,1,1,2,2,1,2,1,2,2,2,1,2,2,2,1,2,1,1,2,1,1,1,1,1,2,2,1,3,1,1
"5260",1,1,1,1,1,1,2,1,2,1,1,1,1,1,NA,1,1,1,1,2,1,1,2,2,1,1,1,1,1,1,1,1,2,2,1,1,1,1,1,1,1,2,1,1,1,1,1,1,1,1,1,1,1,1,1,1,1,1,1,1,2,1,1,2,NA,1,2,1,1,1,1,1,1,1,1,2,1
"5267",2,1,1,1,1,1,1,1,1,1,1,1,1,1,NA,1,1,1,1,2,1,1,1,2,1,1,1,1,1,1,1,1,1,1,1,1,1,1,1,2,1,2,2,1,1,1,1,1,1,1,1,1,1,1,1,1,1,1,1,1,2,1,1,1,2,1,2,1,1,1,1,1,1,1,1,1,1
"5270",1,1,1,1,1,1,1,1,1,1,2,1,1,1,1,1,2,1,1,NA,1,1,2,2,1,1,1,1,1,1,1,1,2,1,1,2,1,1,1,1,1,1,1,1,1,1,1,1,1,1,1,1,1,2,1,1,1,1,1,1,2,1,1,1,1,1,2,1,1,1,1,1,1,1,1,1,1
"5284",1,2,3,2,2,1,1,2,1,2,1,1,2,NA,2,1,1,2,2,1,2,2,1,1,2,2,2,NA,2,1,2,2,1,1,2,3,2,2,2,1,1,1,1,2,1,1,2,2,1,2,2,1,2,1,3,2,2,2,2,2,2,1,2,1,1,2,1,1,2,1,1,2,2,2,3,1,1
"5291",2,1,1,1,1,2,3,1,3,1,1,2,1,1,1,1,3,1,1,3,1,1,3,1,2,1,1,2,1,2,1,1,2,1,1,1,1,1,1,1,2,1,1,1,1,2,1,1,2,1,1,2,1,1,1,1,1,2,1,1,3,2,1,2,2,1,3,2,1,2,1,1,1,1,1,3,2
"5302",1,3,3,3,2,1,3,3,1,1,2,1,3,1,1,3,1,3,3,1,3,3,1,1,1,3,3,1,3,1,3,3,1,1,3,3,3,2,3,3,1,2,1,3,2,1,3,2,1,3,3,1,3,1,3,3,3,1,3,3,1,1,3,1,1,3,2,1,2,1,2,3,3,3,3,1,1
"5303",3,1,1,1,1,3,3,1,3,1,2,3,1,2,2,1,3,1,1,3,1,1,3,3,2,1,1,2,1,2,1,1,3,3,1,1,1,2,1,2,2,3,2,1,2,2,1,1,2,1,1,2,1,3,1,1,1,2,1,1,3,2,1,3,3,1,3,2,2,2,1,1,1,2,1,3,2
"5305",1,1,1,1,1,2,1,1,3,1,1,2,1,1,1,1,1,1,1,2,1,1,2,2,1,1,1,1,1,1,1,1,1,2,1,1,1,1,1,2,1,2,2,1,2,NA,1,1,1,1,1,1,1,2,1,1,1,1,1,1,1,1,1,1,2,1,2,1,1,1,1,1,1,1,1,2,1
"5313",1,1,1,1,1,1,1,1,1,1,1,1,1,1,1,1,1,1,1,1,1,1,1,1,1,1,1,1,1,1,1,1,1,1,1,3,1,1,1,1,1,1,1,1,1,1,1,1,1,1,1,1,1,1,1,1,1,1,1,1,1,1,1,1,1,1,1,1,1,1,1,1,1,1,3,1,1
"5319",1,1,2,1,1,1,1,1,1,1,1,1,1,NA,3,1,NA,1,1,1,1,1,1,1,1,1,1,NA,1,1,1,1,1,1,1,3,1,1,1,1,NA,1,1,1,1,1,1,1,1,1,1,1,1,1,2,2,1,1,1,1,1,1,1,1,1,1,1,1,1,2,1,1,1,1,3,1,NA
"5320",1,1,2,2,1,1,1,2,1,1,1,1,2,1,3,1,1,1,1,1,2,2,1,1,1,2,2,NA,2,1,2,2,1,1,2,3,2,1,2,1,NA,1,1,2,1,1,2,1,1,2,2,1,2,1,2,2,1,1,2,2,1,1,2,1,1,2,1,1,1,2,1,2,2,1,3,1,NA
"5321",1,1,1,1,1,1,1,1,1,1,1,1,1,1,1,1,1,1,1,1,1,1,1,1,1,1,1,1,1,1,1,1,1,1,NA,3,1,1,1,1,1,1,1,1,1,1,1,1,1,1,1,1,1,1,1,1,1,1,1,1,1,1,1,1,NA,1,1,1,1,1,1,1,2,1,3,1,1
"5333",1,1,1,1,1,1,1,1,1,1,1,1,1,1,1,1,1,1,1,1,1,1,1,1,1,1,1,1,1,1,1,1,3,1,1,1,1,1,1,1,1,1,1,1,1,1,1,1,1,1,1,1,1,1,1,1,1,1,1,1,2,1,1,1,1,1,1,1,1,1,1,1,1,1,1,1,1
"5337",1,1,1,1,1,1,1,1,1,1,1,1,1,1,1,1,1,1,1,1,1,1,1,1,1,1,1,1,1,1,1,1,1,1,1,2,1,1,1,1,1,1,1,1,1,1,1,1,1,1,1,1,1,1,1,1,1,1,1,1,1,1,1,1,1,1,1,1,1,1,1,1,1,1,2,1,1
"5358",1,1,1,1,1,1,1,1,1,1,1,1,1,1,1,1,1,1,1,1,1,1,1,1,1,1,2,1,1,1,1,1,1,1,1,2,1,1,1,1,NA,1,1,1,1,1,1,1,1,1,1,1,1,1,1,1,1,1,1,1,1,1,1,1,1,1,1,1,1,1,1,2,1,1,2,1,1
"5363",1,1,2,2,1,1,3,2,1,1,1,1,2,1,2,1,1,1,2,1,2,2,1,1,1,2,2,1,2,1,2,2,1,1,2,3,2,1,2,1,1,1,1,2,1,1,2,1,1,2,2,1,2,1,1,1,1,1,2,2,1,1,2,1,1,2,2,1,1,1,1,2,1,1,2,1,1
"5364",1,1,1,2,1,1,1,2,1,1,1,1,2,1,3,1,1,1,1,1,2,2,1,1,1,2,2,1,2,1,2,2,1,1,2,1,2,1,2,1,1,1,2,2,1,1,2,1,1,2,2,1,2,1,2,1,1,1,2,2,1,1,2,1,1,2,1,1,1,1,1,2,3,1,3,1,1
"5365",1,1,3,2,1,1,1,2,1,1,1,1,2,1,3,1,1,1,1,1,2,2,1,1,1,2,3,1,2,1,2,2,1,1,2,3,2,1,2,1,1,1,1,2,1,1,NA,1,1,2,2,1,2,1,1,1,1,1,2,2,1,1,2,1,1,2,1,1,1,1,1,3,2,1,3,1,1
"5367",1,1,1,1,1,1,1,1,1,1,1,1,1,1,3,1,1,1,1,1,1,1,1,1,1,1,1,1,1,1,1,1,1,1,1,3,1,1,1,1,1,1,1,1,1,1,1,1,1,1,1,1,1,1,1,2,1,1,1,1,1,1,1,1,1,1,1,1,1,1,1,1,1,1,3,1,1
"5383",1,1,3,3,1,1,1,3,1,1,1,1,3,1,3,1,1,1,1,1,3,3,1,1,1,3,3,1,3,1,3,3,1,1,3,3,3,1,3,1,1,1,1,3,1,1,3,1,1,3,3,1,3,1,1,1,1,1,3,3,1,1,3,1,1,3,1,1,1,1,1,3,NA,1,3,NA,1
"5385",1,1,3,3,1,1,1,3,1,1,1,1,3,1,3,1,1,1,1,1,3,3,1,1,1,3,3,1,3,1,3,3,1,1,3,3,3,1,3,1,1,1,1,3,1,1,3,1,1,3,3,1,3,1,1,1,1,1,3,3,2,1,3,1,1,3,1,1,1,1,1,3,NA,1,3,1,1
